Series Name,Location,Parameter,Timestamp,Value,Offset
"Depth","FS-Bottom","Depth-sensor",2025-02-10 20:00,2.3666,-6.46
"Bottom Salinity","FS-Bottom","Salinity-sensor",2025-02-10 20:00,24.1864,0
"Bottom Temp","FS-Bottom","Temperature-sensor",2025-02-10 20:00,10.7378,0
"Bottom DO","FS-Bottom","DO-sensor",2025-02-10 20:00,8.8366,0
"Depth","FS-Bottom","Depth-sensor",2025-02-10 19:00,1.9733,-6.46
"Bottom Salinity","FS-Bottom","Salinity-sensor",2025-02-10 19:00,11.573,0
"Bottom Temp","FS-Bottom","Temperature-sensor",2025-02-10 19:00,9.9061,0
"Bottom DO","FS-Bottom","DO-sensor",2025-02-10 19:00,9.618,0
"Depth","FS-Bottom","Depth-sensor",2025-02-10 18:00,1.5854,-6.46
"Bottom Salinity","FS-Bottom","Salinity-sensor",2025-02-10 18:00,1.4927,0
"Bottom Temp","FS-Bottom","Temperature-sensor",2025-02-10 18:00,9.2936,0
"Bottom DO","FS-Bottom","DO-sensor",2025-02-10 18:00,10.7172,0
"Depth","FS-Bottom","Depth-sensor",2025-02-10 17:00,1.3725,-6.46
"Bottom Salinity","FS-Bottom","Salinity-sensor",2025-02-10 17:00,1.1184,0
"Bottom Temp","FS-Bottom","Temperature-sensor",2025-02-10 17:00,9.3504,0
"Bottom DO","FS-Bottom","DO-sensor",2025-02-10 17:00,10.7545,0
"Depth","FS-Bottom","Depth-sensor",2025-02-10 16:00,1.3135,-6.46
"Bottom Salinity","FS-Bottom","Salinity-sensor",2025-02-10 16:00,1.5455,0
"Bottom Temp","FS-Bottom","Temperature-sensor",2025-02-10 16:00,9.4793,0
"Bottom DO","FS-Bottom","DO-sensor",2025-02-10 16:00,10.6888,0
"Depth","FS-Bottom","Depth-sensor",2025-02-10 15:00,1.4966,-6.46
"Bottom Salinity","FS-Bottom","Salinity-sensor",2025-02-10 15:00,2.4765,0
"Bottom Temp","FS-Bottom","Temperature-sensor",2025-02-10 15:00,9.5262,0
"Bottom DO","FS-Bottom","DO-sensor",2025-02-10 15:00,10.6338,0
"Depth","FS-Bottom","Depth-sensor",2025-02-10 14:00,1.8559,-6.46
"Bottom Salinity","FS-Bottom","Salinity-sensor",2025-02-10 14:00,4.9359,0
"Bottom Temp","FS-Bottom","Temperature-sensor",2025-02-10 14:00,9.6562,0
"Bottom DO","FS-Bottom","DO-sensor",2025-02-10 14:00,10.4178,0
"Depth","FS-Bottom","Depth-sensor",2025-02-10 13:00,2.3519,-6.46
"Bottom Salinity","FS-Bottom","Salinity-sensor",2025-02-10 13:00,8.7365,0
"Bottom Temp","FS-Bottom","Temperature-sensor",2025-02-10 13:00,9.7633,0
"Bottom DO","FS-Bottom","DO-sensor",2025-02-10 13:00,10.0272,0
"Depth","FS-Bottom","Depth-sensor",2025-02-10 12:00,2.81,-6.46
"Bottom Salinity","FS-Bottom","Salinity-sensor",2025-02-10 12:00,25.9795,0
"Bottom Temp","FS-Bottom","Temperature-sensor",2025-02-10 12:00,10.8725,0
"Bottom DO","FS-Bottom","DO-sensor",2025-02-10 12:00,8.5183,0
"Depth","FS-Bottom","Depth-sensor",2025-02-10 11:00,3.2735,-6.46
"Bottom Salinity","FS-Bottom","Salinity-sensor",2025-02-10 11:00,31.3953,0
"Bottom Temp","FS-Bottom","Temperature-sensor",2025-02-10 11:00,11.3148,0
"Bottom DO","FS-Bottom","DO-sensor",2025-02-10 11:00,8.1558,0
"Depth","FS-Bottom","Depth-sensor",2025-02-10 10:00,3.589,-6.46
"Bottom Salinity","FS-Bottom","Salinity-sensor",2025-02-10 10:00,31.8016,0
"Bottom Temp","FS-Bottom","Temperature-sensor",2025-02-10 10:00,11.322,0
"Bottom DO","FS-Bottom","DO-sensor",2025-02-10 10:00,8.1926,0
"Depth","FS-Bottom","Depth-sensor",2025-02-10 09:00,3.6849,-6.46
"Bottom Salinity","FS-Bottom","Salinity-sensor",2025-02-10 09:00,31.939,0
"Bottom Temp","FS-Bottom","Temperature-sensor",2025-02-10 09:00,11.3397,0
"Bottom DO","FS-Bottom","DO-sensor",2025-02-10 09:00,8.1936,0
"Depth","FS-Bottom","Depth-sensor",2025-02-10 08:00,3.6161,-6.46
"Bottom Salinity","FS-Bottom","Salinity-sensor",2025-02-10 08:00,31.862,0
"Bottom Temp","FS-Bottom","Temperature-sensor",2025-02-10 08:00,11.3433,0
"Bottom DO","FS-Bottom","DO-sensor",2025-02-10 08:00,8.2193,0
"Depth","FS-Bottom","Depth-sensor",2025-02-10 07:00,3.3812,-6.46
"Bottom Salinity","FS-Bottom","Salinity-sensor",2025-02-10 07:00,31.5614,0
"Bottom Temp","FS-Bottom","Temperature-sensor",2025-02-10 07:00,11.3468,0
"Bottom DO","FS-Bottom","DO-sensor",2025-02-10 07:00,8.2489,0
"Depth","FS-Bottom","Depth-sensor",2025-02-10 06:00,3.1033,-6.46
"Bottom Salinity","FS-Bottom","Salinity-sensor",2025-02-10 06:00,30.643,0
"Bottom Temp","FS-Bottom","Temperature-sensor",2025-02-10 06:00,11.3374,0
"Bottom DO","FS-Bottom","DO-sensor",2025-02-10 06:00,8.2719,0
"Depth","FS-Bottom","Depth-sensor",2025-02-10 05:00,2.8159,-6.46
"Bottom Salinity","FS-Bottom","Salinity-sensor",2025-02-10 05:00,29.7086,0
"Bottom Temp","FS-Bottom","Temperature-sensor",2025-02-10 05:00,11.3104,0
"Bottom DO","FS-Bottom","DO-sensor",2025-02-10 05:00,8.2843,0
"Depth","FS-Bottom","Depth-sensor",2025-02-10 04:00,2.6253,-6.46
"Bottom Salinity","FS-Bottom","Salinity-sensor",2025-02-10 04:00,28.4354,0
"Bottom Temp","FS-Bottom","Temperature-sensor",2025-02-10 04:00,11.234,0
"Bottom DO","FS-Bottom","DO-sensor",2025-02-10 04:00,8.467,0
"Depth","FS-Bottom","Depth-sensor",2025-02-10 03:00,2.5506,-6.46
"Bottom Salinity","FS-Bottom","Salinity-sensor",2025-02-10 03:00,28.1857,0
"Bottom Temp","FS-Bottom","Temperature-sensor",2025-02-10 03:00,11.2399,0
"Bottom DO","FS-Bottom","DO-sensor",2025-02-10 03:00,8.3721,0
"Depth","FS-Bottom","Depth-sensor",2025-02-10 02:00,2.5884,-6.46
"Bottom Salinity","FS-Bottom","Salinity-sensor",2025-02-10 02:00,28.3861,0
"Bottom Temp","FS-Bottom","Temperature-sensor",2025-02-10 02:00,11.2457,0
"Bottom DO","FS-Bottom","DO-sensor",2025-02-10 02:00,8.4756,0
"Depth","FS-Bottom","Depth-sensor",2025-02-10 01:00,2.7572,-6.46
"Bottom Salinity","FS-Bottom","Salinity-sensor",2025-02-10 01:00,29.0644,0
"Bottom Temp","FS-Bottom","Temperature-sensor",2025-02-10 01:00,11.3034,0
"Bottom DO","FS-Bottom","DO-sensor",2025-02-10 01:00,8.4677,0
"Depth","FS-Bottom","Depth-sensor",2025-02-10 00:00,2.9146,-6.46
"Bottom Salinity","FS-Bottom","Salinity-sensor",2025-02-10 00:00,29.2186,0
"Bottom Temp","FS-Bottom","Temperature-sensor",2025-02-10 00:00,11.3157,0
"Bottom DO","FS-Bottom","DO-sensor",2025-02-10 00:00,8.5989,0
"Depth","FS-Bottom","Depth-sensor",2025-02-09 23:00,3.0431,-6.46
"Bottom Salinity","FS-Bottom","Salinity-sensor",2025-02-09 23:00,28.9524,0
"Bottom Temp","FS-Bottom","Temperature-sensor",2025-02-09 23:00,11.3037,0
"Bottom DO","FS-Bottom","DO-sensor",2025-02-09 23:00,8.7064,0
"Depth","FS-Bottom","Depth-sensor",2025-02-09 22:00,3.0244,-6.46
"Bottom Salinity","FS-Bottom","Salinity-sensor",2025-02-09 22:00,28.5636,0
"Bottom Temp","FS-Bottom","Temperature-sensor",2025-02-09 22:00,11.2704,0
"Bottom DO","FS-Bottom","DO-sensor",2025-02-09 22:00,8.7838,0
"Depth","FS-Bottom","Depth-sensor",2025-02-09 21:00,2.9029,-6.46
"Bottom Salinity","FS-Bottom","Salinity-sensor",2025-02-09 21:00,27.6473,0
"Bottom Temp","FS-Bottom","Temperature-sensor",2025-02-09 21:00,11.2238,0
"Bottom DO","FS-Bottom","DO-sensor",2025-02-09 21:00,8.6322,0
"Depth","FS-Bottom","Depth-sensor",2025-02-09 20:00,2.6163,-6.46
"Bottom Salinity","FS-Bottom","Salinity-sensor",2025-02-09 20:00,26.1161,0
"Bottom Temp","FS-Bottom","Temperature-sensor",2025-02-09 20:00,11.1236,0
"Bottom DO","FS-Bottom","DO-sensor",2025-02-09 20:00,8.7626,0
"Depth","FS-Bottom","Depth-sensor",2025-02-09 19:00,2.2663,-6.46
"Bottom Salinity","FS-Bottom","Salinity-sensor",2025-02-09 19:00,25.315,0
"Bottom Temp","FS-Bottom","Temperature-sensor",2025-02-09 19:00,10.9113,0
"Bottom DO","FS-Bottom","DO-sensor",2025-02-09 19:00,8.6608,0
"Depth","FS-Bottom","Depth-sensor",2025-02-09 18:00,1.8499,-6.46
"Bottom Salinity","FS-Bottom","Salinity-sensor",2025-02-09 18:00,2.762,0
"Bottom Temp","FS-Bottom","Temperature-sensor",2025-02-09 18:00,9.6255,0
"Bottom DO","FS-Bottom","DO-sensor",2025-02-09 18:00,10.491,0
"Depth","FS-Bottom","Depth-sensor",2025-02-09 17:00,1.5289,-6.46
"Bottom Salinity","FS-Bottom","Salinity-sensor",2025-02-09 17:00,0.2894,0
"Bottom Temp","FS-Bottom","Temperature-sensor",2025-02-09 17:00,9.6221,0
"Bottom DO","FS-Bottom","DO-sensor",2025-02-09 17:00,10.7785,0
"Depth","FS-Bottom","Depth-sensor",2025-02-09 16:00,1.3322,-6.46
"Bottom Salinity","FS-Bottom","Salinity-sensor",2025-02-09 16:00,0.496,0
"Bottom Temp","FS-Bottom","Temperature-sensor",2025-02-09 16:00,9.7253,0
"Bottom DO","FS-Bottom","DO-sensor",2025-02-09 16:00,10.7819,0
"Depth","FS-Bottom","Depth-sensor",2025-02-09 15:00,1.3745,-6.46
"Bottom Salinity","FS-Bottom","Salinity-sensor",2025-02-09 15:00,0.9739,0
"Bottom Temp","FS-Bottom","Temperature-sensor",2025-02-09 15:00,9.8028,0
"Bottom DO","FS-Bottom","DO-sensor",2025-02-09 15:00,10.7165,0
"Depth","FS-Bottom","Depth-sensor",2025-02-09 14:00,1.5901,-6.46
"Bottom Salinity","FS-Bottom","Salinity-sensor",2025-02-09 14:00,2.4936,0
"Bottom Temp","FS-Bottom","Temperature-sensor",2025-02-09 14:00,9.8624,0
"Bottom DO","FS-Bottom","DO-sensor",2025-02-09 14:00,10.5102,0
"Depth","FS-Bottom","Depth-sensor",2025-02-09 13:00,1.971,-6.46
"Bottom Salinity","FS-Bottom","Salinity-sensor",2025-02-09 13:00,4.2106,0
"Bottom Temp","FS-Bottom","Temperature-sensor",2025-02-09 13:00,9.8864,0
"Bottom DO","FS-Bottom","DO-sensor",2025-02-09 13:00,10.3431,0
"Depth","FS-Bottom","Depth-sensor",2025-02-09 12:00,2.4409,-6.46
"Bottom Salinity","FS-Bottom","Salinity-sensor",2025-02-09 12:00,9.2171,0
"Bottom Temp","FS-Bottom","Temperature-sensor",2025-02-09 12:00,10.0935,0
"Bottom DO","FS-Bottom","DO-sensor",2025-02-09 12:00,9.7989,0
"Depth","FS-Bottom","Depth-sensor",2025-02-09 11:00,2.9043,-6.46
"Bottom Salinity","FS-Bottom","Salinity-sensor",2025-02-09 11:00,31.4366,0
"Bottom Temp","FS-Bottom","Temperature-sensor",2025-02-09 11:00,11.4117,0
"Bottom DO","FS-Bottom","DO-sensor",2025-02-09 11:00,7.6908,0
"Depth","FS-Bottom","Depth-sensor",2025-02-09 10:00,3.3194,-6.46
"Bottom Salinity","FS-Bottom","Salinity-sensor",2025-02-09 10:00,32.3027,0
"Bottom Temp","FS-Bottom","Temperature-sensor",2025-02-09 10:00,11.5004,0
"Bottom DO","FS-Bottom","DO-sensor",2025-02-09 10:00,7.7872,0
"Depth","FS-Bottom","Depth-sensor",2025-02-09 09:00,3.5715,-6.46
"Bottom Salinity","FS-Bottom","Salinity-sensor",2025-02-09 09:00,32.3178,0
"Bottom Temp","FS-Bottom","Temperature-sensor",2025-02-09 09:00,11.5011,0
"Bottom DO","FS-Bottom","DO-sensor",2025-02-09 09:00,7.8915,0
"Depth","FS-Bottom","Depth-sensor",2025-02-09 08:00,3.6595,-6.46
"Bottom Salinity","FS-Bottom","Salinity-sensor",2025-02-09 08:00,32.2699,0
"Bottom Temp","FS-Bottom","Temperature-sensor",2025-02-09 08:00,11.5035,0
"Bottom DO","FS-Bottom","DO-sensor",2025-02-09 08:00,7.8113,0
"Depth","FS-Bottom","Depth-sensor",2025-02-09 07:00,3.577,-6.46
"Bottom Salinity","FS-Bottom","Salinity-sensor",2025-02-09 07:00,32.5375,0
"Bottom Temp","FS-Bottom","Temperature-sensor",2025-02-09 07:00,11.5262,0
"Bottom DO","FS-Bottom","DO-sensor",2025-02-09 07:00,7.7975,0
"Depth","FS-Bottom","Depth-sensor",2025-02-09 06:00,3.3159,-6.46
"Bottom Temp","FS-Bottom","Temperature-sensor",2025-02-09 06:00,11.4,0
"Bottom DO","FS-Bottom","DO-sensor",2025-02-09 06:00,9.5878,0
"Depth","FS-Bottom","Depth-sensor",2025-02-09 05:00,3.0628,-6.46
"Bottom Salinity","FS-Bottom","Salinity-sensor",2025-02-09 05:00,32.0649,0
"Bottom Temp","FS-Bottom","Temperature-sensor",2025-02-09 05:00,11.4557,0
"Bottom DO","FS-Bottom","DO-sensor",2025-02-09 05:00,7.7979,0
"Depth","FS-Bottom","Depth-sensor",2025-02-09 04:00,2.8164,-6.46
"Bottom Salinity","FS-Bottom","Salinity-sensor",2025-02-09 04:00,30.7829,0
"Bottom Temp","FS-Bottom","Temperature-sensor",2025-02-09 04:00,11.4256,0
"Bottom DO","FS-Bottom","DO-sensor",2025-02-09 04:00,7.8026,0
"Depth","FS-Bottom","Depth-sensor",2025-02-09 03:00,2.6477,-6.46
"Bottom Salinity","FS-Bottom","Salinity-sensor",2025-02-09 03:00,30.654,0
"Bottom Temp","FS-Bottom","Temperature-sensor",2025-02-09 03:00,11.4113,0
"Bottom DO","FS-Bottom","DO-sensor",2025-02-09 03:00,7.9325,0
"Depth","FS-Bottom","Depth-sensor",2025-02-09 02:00,2.5905,-6.46
"Bottom Salinity","FS-Bottom","Salinity-sensor",2025-02-09 02:00,30.1111,0
"Bottom Temp","FS-Bottom","Temperature-sensor",2025-02-09 02:00,11.3342,0
"Bottom DO","FS-Bottom","DO-sensor",2025-02-09 02:00,7.9358,0
"Depth","FS-Bottom","Depth-sensor",2025-02-09 01:00,2.6417,-6.46
"Bottom Salinity","FS-Bottom","Salinity-sensor",2025-02-09 01:00,30.889,0
"Bottom Temp","FS-Bottom","Temperature-sensor",2025-02-09 01:00,11.4122,0
"Bottom DO","FS-Bottom","DO-sensor",2025-02-09 01:00,7.9426,0
"Depth","FS-Bottom","Depth-sensor",2025-02-09 00:00,2.7469,-6.46
"Bottom Salinity","FS-Bottom","Salinity-sensor",2025-02-09 00:00,30.9182,0
"Bottom Temp","FS-Bottom","Temperature-sensor",2025-02-09 00:00,11.4267,0
"Bottom DO","FS-Bottom","DO-sensor",2025-02-09 00:00,7.9098,0
"Depth","FS-Bottom","Depth-sensor",2025-02-08 23:00,2.888,-6.46
"Bottom Salinity","FS-Bottom","Salinity-sensor",2025-02-08 23:00,31.3605,0
"Bottom Temp","FS-Bottom","Temperature-sensor",2025-02-08 23:00,11.4787,0
"Bottom DO","FS-Bottom","DO-sensor",2025-02-08 23:00,7.9693,0
"Depth","FS-Bottom","Depth-sensor",2025-02-08 22:00,2.9789,-6.46
"Bottom Salinity","FS-Bottom","Salinity-sensor",2025-02-08 22:00,30.9932,0
"Bottom Temp","FS-Bottom","Temperature-sensor",2025-02-08 22:00,11.466,0
"Bottom DO","FS-Bottom","DO-sensor",2025-02-08 22:00,8.1066,0
"Depth","FS-Bottom","Depth-sensor",2025-02-08 21:00,2.9404,-6.46
"Bottom Salinity","FS-Bottom","Salinity-sensor",2025-02-08 21:00,30.4667,0
"Bottom Temp","FS-Bottom","Temperature-sensor",2025-02-08 21:00,11.434,0
"Bottom DO","FS-Bottom","DO-sensor",2025-02-08 21:00,8.2251,0
"Depth","FS-Bottom","Depth-sensor",2025-02-08 20:00,2.7552,-6.46
"Bottom Salinity","FS-Bottom","Salinity-sensor",2025-02-08 20:00,28.1609,0
"Bottom Temp","FS-Bottom","Temperature-sensor",2025-02-08 20:00,11.2916,0
"Bottom DO","FS-Bottom","DO-sensor",2025-02-08 20:00,8.3374,0
"Depth","FS-Bottom","Depth-sensor",2025-02-08 19:00,2.4839,-6.46
"Bottom Salinity","FS-Bottom","Salinity-sensor",2025-02-08 19:00,27.5506,0
"Bottom Temp","FS-Bottom","Temperature-sensor",2025-02-08 19:00,11.1555,0
"Bottom DO","FS-Bottom","DO-sensor",2025-02-08 19:00,8.1579,0
"Depth","FS-Bottom","Depth-sensor",2025-02-08 18:00,2.1392,-6.46
"Bottom Salinity","FS-Bottom","Salinity-sensor",2025-02-08 18:00,2.9677,0
"Bottom Temp","FS-Bottom","Temperature-sensor",2025-02-08 18:00,9.7556,0
"Bottom DO","FS-Bottom","DO-sensor",2025-02-08 18:00,10.5353,0
"Depth","FS-Bottom","Depth-sensor",2025-02-08 17:00,1.776,-6.46
"Bottom Salinity","FS-Bottom","Salinity-sensor",2025-02-08 17:00,0.0251,0
"Bottom Temp","FS-Bottom","Temperature-sensor",2025-02-08 17:00,9.6904,0
"Bottom DO","FS-Bottom","DO-sensor",2025-02-08 17:00,10.8775,0
"Depth","FS-Bottom","Depth-sensor",2025-02-08 16:00,1.5189,-6.46
"Bottom Salinity","FS-Bottom","Salinity-sensor",2025-02-08 16:00,0,0
"Bottom Temp","FS-Bottom","Temperature-sensor",2025-02-08 16:00,9.767,0
"Bottom DO","FS-Bottom","DO-sensor",2025-02-08 16:00,10.8788,0
"Depth","FS-Bottom","Depth-sensor",2025-02-08 15:00,1.3884,-6.46
"Bottom Salinity","FS-Bottom","Salinity-sensor",2025-02-08 15:00,0,0
"Bottom Temp","FS-Bottom","Temperature-sensor",2025-02-08 15:00,9.8496,0
"Bottom DO","FS-Bottom","DO-sensor",2025-02-08 15:00,10.8824,0
"Depth","FS-Bottom","Depth-sensor",2025-02-08 14:00,1.435,-6.46
"Bottom Salinity","FS-Bottom","Salinity-sensor",2025-02-08 14:00,0,0
"Bottom Temp","FS-Bottom","Temperature-sensor",2025-02-08 14:00,9.8658,0
"Bottom DO","FS-Bottom","DO-sensor",2025-02-08 14:00,10.8576,0
"Depth","FS-Bottom","Depth-sensor",2025-02-08 13:00,1.6666,-6.46
"Bottom Salinity","FS-Bottom","Salinity-sensor",2025-02-08 13:00,1.7388,0
"Bottom Temp","FS-Bottom","Temperature-sensor",2025-02-08 13:00,9.9212,0
"Bottom DO","FS-Bottom","DO-sensor",2025-02-08 13:00,10.6657,0
"Depth","FS-Bottom","Depth-sensor",2025-02-08 12:00,2.0411,-6.46
"Bottom Salinity","FS-Bottom","Salinity-sensor",2025-02-08 12:00,2.731,0
"Bottom Temp","FS-Bottom","Temperature-sensor",2025-02-08 12:00,9.9298,0
"Bottom DO","FS-Bottom","DO-sensor",2025-02-08 12:00,10.5628,0
"Depth","FS-Bottom","Depth-sensor",2025-02-08 11:00,2.4985,-6.46
"Bottom Salinity","FS-Bottom","Salinity-sensor",2025-02-08 11:00,6.5548,0
"Bottom Temp","FS-Bottom","Temperature-sensor",2025-02-08 11:00,10.0825,0
"Bottom DO","FS-Bottom","DO-sensor",2025-02-08 11:00,10.2279,0
"Depth","FS-Bottom","Depth-sensor",2025-02-08 10:00,2.9542,-6.46
"Bottom Salinity","FS-Bottom","Salinity-sensor",2025-02-08 10:00,24.2951,0
"Bottom Temp","FS-Bottom","Temperature-sensor",2025-02-08 10:00,11.051,0
"Bottom DO","FS-Bottom","DO-sensor",2025-02-08 10:00,8.726,0
"Depth","FS-Bottom","Depth-sensor",2025-02-08 09:00,3.3055,-6.46
"Bottom Salinity","FS-Bottom","Salinity-sensor",2025-02-08 09:00,32.5815,0
"Bottom Temp","FS-Bottom","Temperature-sensor",2025-02-08 09:00,11.505,0
"Bottom DO","FS-Bottom","DO-sensor",2025-02-08 09:00,8.1192,0
"Depth","FS-Bottom","Depth-sensor",2025-02-08 08:00,3.5535,-6.46
"Bottom Salinity","FS-Bottom","Salinity-sensor",2025-02-08 08:00,32.8697,0
"Bottom Temp","FS-Bottom","Temperature-sensor",2025-02-08 08:00,11.5162,0
"Bottom DO","FS-Bottom","DO-sensor",2025-02-08 08:00,8.0009,0
"Depth","FS-Bottom","Depth-sensor",2025-02-08 07:00,3.6428,-6.46
"Bottom Salinity","FS-Bottom","Salinity-sensor",2025-02-08 07:00,32.8188,0
"Bottom Temp","FS-Bottom","Temperature-sensor",2025-02-08 07:00,11.512,0
"Bottom DO","FS-Bottom","DO-sensor",2025-02-08 07:00,7.9366,0
"Depth","FS-Bottom","Depth-sensor",2025-02-08 06:00,3.5688,-6.46
"Bottom Salinity","FS-Bottom","Salinity-sensor",2025-02-08 06:00,32.6832,0
"Bottom Temp","FS-Bottom","Temperature-sensor",2025-02-08 06:00,11.514,0
"Bottom DO","FS-Bottom","DO-sensor",2025-02-08 06:00,8.2178,0
"Depth","FS-Bottom","Depth-sensor",2025-02-08 05:00,3.3972,-6.46
"Bottom Salinity","FS-Bottom","Salinity-sensor",2025-02-08 05:00,32.221,0
"Bottom Temp","FS-Bottom","Temperature-sensor",2025-02-08 05:00,11.5105,0
"Bottom DO","FS-Bottom","DO-sensor",2025-02-08 05:00,8.4122,0
"Depth","FS-Bottom","Depth-sensor",2025-02-08 04:00,3.1407,-6.46
"Bottom Salinity","FS-Bottom","Salinity-sensor",2025-02-08 04:00,32.2091,0
"Bottom Temp","FS-Bottom","Temperature-sensor",2025-02-08 04:00,11.5223,0
"Bottom DO","FS-Bottom","DO-sensor",2025-02-08 04:00,8.6138,0
"Depth","FS-Bottom","Depth-sensor",2025-02-08 03:00,2.907,-6.46
"Bottom Salinity","FS-Bottom","Salinity-sensor",2025-02-08 03:00,31.9075,0
"Bottom Temp","FS-Bottom","Temperature-sensor",2025-02-08 03:00,11.5334,0
"Bottom DO","FS-Bottom","DO-sensor",2025-02-08 03:00,8.6573,0
"Depth","FS-Bottom","Depth-sensor",2025-02-08 02:00,2.7355,-6.46
"Bottom Salinity","FS-Bottom","Salinity-sensor",2025-02-08 02:00,30.4771,0
"Bottom Temp","FS-Bottom","Temperature-sensor",2025-02-08 02:00,11.4109,0
"Bottom DO","FS-Bottom","DO-sensor",2025-02-08 02:00,8.178,0
"Depth","FS-Bottom","Depth-sensor",2025-02-08 01:00,2.6884,-6.46
"Bottom Salinity","FS-Bottom","Salinity-sensor",2025-02-08 01:00,27.7821,0
"Bottom Temp","FS-Bottom","Temperature-sensor",2025-02-08 01:00,11.2248,0
"Bottom DO","FS-Bottom","DO-sensor",2025-02-08 01:00,8.2774,0
"Depth","FS-Bottom","Depth-sensor",2025-02-08 00:00,2.727,-6.46
"Bottom Salinity","FS-Bottom","Salinity-sensor",2025-02-08 00:00,17.7514,0
"Bottom Temp","FS-Bottom","Temperature-sensor",2025-02-08 00:00,10.9996,0
"Bottom DO","FS-Bottom","DO-sensor",2025-02-08 00:00,9.0438,0
"Depth","FS-Bottom","Depth-sensor",2025-02-07 23:00,2.773,-6.46
"Bottom Salinity","FS-Bottom","Salinity-sensor",2025-02-07 23:00,30.3778,0
"Bottom Temp","FS-Bottom","Temperature-sensor",2025-02-07 23:00,11.3756,0
"Bottom DO","FS-Bottom","DO-sensor",2025-02-07 23:00,8.2392,0
"Depth","FS-Bottom","Depth-sensor",2025-02-07 22:00,2.8862,-6.46
"Bottom Salinity","FS-Bottom","Salinity-sensor",2025-02-07 22:00,30.0053,0
"Bottom Temp","FS-Bottom","Temperature-sensor",2025-02-07 22:00,11.4157,0
"Bottom DO","FS-Bottom","DO-sensor",2025-02-07 22:00,8.1765,0
"Depth","FS-Bottom","Depth-sensor",2025-02-07 21:00,2.9481,-6.46
"Bottom Salinity","FS-Bottom","Salinity-sensor",2025-02-07 21:00,29.9092,0
"Bottom Temp","FS-Bottom","Temperature-sensor",2025-02-07 21:00,11.4023,0
"Bottom DO","FS-Bottom","DO-sensor",2025-02-07 21:00,8.2128,0
"Depth","FS-Bottom","Depth-sensor",2025-02-07 20:00,2.9025,-6.46
"Bottom Salinity","FS-Bottom","Salinity-sensor",2025-02-07 20:00,29.0015,0
"Bottom Temp","FS-Bottom","Temperature-sensor",2025-02-07 20:00,11.35,0
"Bottom DO","FS-Bottom","DO-sensor",2025-02-07 20:00,8.2295,0
"Depth","FS-Bottom","Depth-sensor",2025-02-07 19:00,2.7598,-6.46
"Bottom Salinity","FS-Bottom","Salinity-sensor",2025-02-07 19:00,21.5658,0
"Bottom Temp","FS-Bottom","Temperature-sensor",2025-02-07 19:00,10.9985,0
"Bottom DO","FS-Bottom","DO-sensor",2025-02-07 19:00,8.7737,0
"Depth","FS-Bottom","Depth-sensor",2025-02-07 18:00,2.5145,-6.46
"Bottom Salinity","FS-Bottom","Salinity-sensor",2025-02-07 18:00,2.1832,0
"Bottom Temp","FS-Bottom","Temperature-sensor",2025-02-07 18:00,10.5393,0
"Bottom DO","FS-Bottom","DO-sensor",2025-02-07 18:00,10.3908,0
"Depth","FS-Bottom","Depth-sensor",2025-02-07 17:00,2.2319,-6.46
"Bottom Salinity","FS-Bottom","Salinity-sensor",2025-02-07 17:00,0,0
"Bottom Temp","FS-Bottom","Temperature-sensor",2025-02-07 17:00,10.5197,0
"Bottom DO","FS-Bottom","DO-sensor",2025-02-07 17:00,10.6254,0
"Depth","FS-Bottom","Depth-sensor",2025-02-07 16:00,1.941,-6.46
"Bottom Salinity","FS-Bottom","Salinity-sensor",2025-02-07 16:00,0,0
"Bottom Temp","FS-Bottom","Temperature-sensor",2025-02-07 16:00,10.6108,0
"Bottom DO","FS-Bottom","DO-sensor",2025-02-07 16:00,10.6245,0
"Depth","FS-Bottom","Depth-sensor",2025-02-07 15:00,1.713,-6.46
"Bottom Salinity","FS-Bottom","Salinity-sensor",2025-02-07 15:00,0,0
"Bottom Temp","FS-Bottom","Temperature-sensor",2025-02-07 15:00,10.6477,0
"Bottom DO","FS-Bottom","DO-sensor",2025-02-07 15:00,10.6503,0
"Depth","FS-Bottom","Depth-sensor",2025-02-07 14:00,1.618,-6.46
"Bottom Salinity","FS-Bottom","Salinity-sensor",2025-02-07 14:00,0,0
"Bottom Temp","FS-Bottom","Temperature-sensor",2025-02-07 14:00,10.6824,0
"Bottom DO","FS-Bottom","DO-sensor",2025-02-07 14:00,10.6305,0
"Depth","FS-Bottom","Depth-sensor",2025-02-07 13:00,1.6557,-6.46
"Bottom Salinity","FS-Bottom","Salinity-sensor",2025-02-07 13:00,0,0
"Bottom Temp","FS-Bottom","Temperature-sensor",2025-02-07 13:00,10.6125,0
"Bottom DO","FS-Bottom","DO-sensor",2025-02-07 13:00,10.6217,0
"Depth","FS-Bottom","Depth-sensor",2025-02-07 12:00,1.8924,-6.46
"Bottom Salinity","FS-Bottom","Salinity-sensor",2025-02-07 12:00,0,0
"Bottom Temp","FS-Bottom","Temperature-sensor",2025-02-07 12:00,10.4961,0
"Bottom DO","FS-Bottom","DO-sensor",2025-02-07 12:00,10.604,0
"Depth","FS-Bottom","Depth-sensor",2025-02-07 11:00,2.2638,-6.46
"Bottom Salinity","FS-Bottom","Salinity-sensor",2025-02-07 11:00,0.8347,0
"Bottom Temp","FS-Bottom","Temperature-sensor",2025-02-07 11:00,10.4748,0
"Bottom DO","FS-Bottom","DO-sensor",2025-02-07 11:00,10.4514,0
"Depth","FS-Bottom","Depth-sensor",2025-02-07 10:00,2.6619,-6.46
"Bottom Salinity","FS-Bottom","Salinity-sensor",2025-02-07 10:00,2.5216,0
"Bottom Temp","FS-Bottom","Temperature-sensor",2025-02-07 10:00,10.4817,0
"Bottom DO","FS-Bottom","DO-sensor",2025-02-07 10:00,10.2529,0
"Depth","FS-Bottom","Depth-sensor",2025-02-07 09:00,3.0518,-6.46
"Bottom Salinity","FS-Bottom","Salinity-sensor",2025-02-07 09:00,7.3622,0
"Bottom Temp","FS-Bottom","Temperature-sensor",2025-02-07 09:00,10.5728,0
"Bottom DO","FS-Bottom","DO-sensor",2025-02-07 09:00,9.9252,0
"Depth","FS-Bottom","Depth-sensor",2025-02-07 08:00,3.3945,-6.46
"Bottom Salinity","FS-Bottom","Salinity-sensor",2025-02-07 08:00,22.714,0
"Bottom Temp","FS-Bottom","Temperature-sensor",2025-02-07 08:00,11.21,0
"Bottom DO","FS-Bottom","DO-sensor",2025-02-07 08:00,8.1672,0
"Depth","FS-Bottom","Depth-sensor",2025-02-07 07:00,3.6574,-6.46
"Bottom Salinity","FS-Bottom","Salinity-sensor",2025-02-07 07:00,32.5405,0
"Bottom Temp","FS-Bottom","Temperature-sensor",2025-02-07 07:00,11.4374,0
"Bottom DO","FS-Bottom","DO-sensor",2025-02-07 07:00,7.8328,0
"Depth","FS-Bottom","Depth-sensor",2025-02-07 06:00,3.7595,-6.46
"Bottom Salinity","FS-Bottom","Salinity-sensor",2025-02-07 06:00,32.6079,0
"Bottom Temp","FS-Bottom","Temperature-sensor",2025-02-07 06:00,11.4513,0
"Bottom DO","FS-Bottom","DO-sensor",2025-02-07 06:00,7.8748,0
"Depth","FS-Bottom","Depth-sensor",2025-02-07 05:00,3.7098,-6.46
"Bottom Salinity","FS-Bottom","Salinity-sensor",2025-02-07 05:00,32.5311,0
"Bottom Temp","FS-Bottom","Temperature-sensor",2025-02-07 05:00,11.4462,0
"Bottom DO","FS-Bottom","DO-sensor",2025-02-07 05:00,7.9897,0
"Depth","FS-Bottom","Depth-sensor",2025-02-07 04:00,3.5637,-6.46
"Bottom Salinity","FS-Bottom","Salinity-sensor",2025-02-07 04:00,32.4415,0
"Bottom Temp","FS-Bottom","Temperature-sensor",2025-02-07 04:00,11.4361,0
"Bottom DO","FS-Bottom","DO-sensor",2025-02-07 04:00,7.972,0
"Depth","FS-Bottom","Depth-sensor",2025-02-07 03:00,3.3235,-6.46
"Bottom Salinity","FS-Bottom","Salinity-sensor",2025-02-07 03:00,32.035,0
"Bottom Temp","FS-Bottom","Temperature-sensor",2025-02-07 03:00,11.3984,0
"Bottom DO","FS-Bottom","DO-sensor",2025-02-07 03:00,7.7783,0
"Depth","FS-Bottom","Depth-sensor",2025-02-07 02:00,3.1023,-6.46
"Bottom Salinity","FS-Bottom","Salinity-sensor",2025-02-07 02:00,28.7842,0
"Bottom Temp","FS-Bottom","Temperature-sensor",2025-02-07 02:00,11.2003,0
"Bottom DO","FS-Bottom","DO-sensor",2025-02-07 02:00,7.6235,0
"Depth","FS-Bottom","Depth-sensor",2025-02-07 01:00,2.9419,-6.46
"Bottom Salinity","FS-Bottom","Salinity-sensor",2025-02-07 01:00,4.5059,0
"Bottom Temp","FS-Bottom","Temperature-sensor",2025-02-07 01:00,10.4267,0
"Bottom DO","FS-Bottom","DO-sensor",2025-02-07 01:00,10.009,0
"Depth","FS-Bottom","Depth-sensor",2025-02-07 00:00,2.842,-6.46
"Bottom Salinity","FS-Bottom","Salinity-sensor",2025-02-07 00:00,3.1667,0
"Bottom Temp","FS-Bottom","Temperature-sensor",2025-02-07 00:00,10.3675,0
"Bottom DO","FS-Bottom","DO-sensor",2025-02-07 00:00,10.083,0
"Depth","FS-Bottom","Depth-sensor",2025-02-06 23:00,2.8289,-6.46
"Bottom Salinity","FS-Bottom","Salinity-sensor",2025-02-06 23:00,3.6958,0
"Bottom Temp","FS-Bottom","Temperature-sensor",2025-02-06 23:00,10.3248,0
"Bottom DO","FS-Bottom","DO-sensor",2025-02-06 23:00,10.1637,0
"Depth","FS-Bottom","Depth-sensor",2025-02-06 22:00,2.9049,-6.46
"Bottom Salinity","FS-Bottom","Salinity-sensor",2025-02-06 22:00,3.3398,0
"Bottom Temp","FS-Bottom","Temperature-sensor",2025-02-06 22:00,10.3463,0
"Bottom DO","FS-Bottom","DO-sensor",2025-02-06 22:00,10.0807,0
"Depth","FS-Bottom","Depth-sensor",2025-02-06 21:00,3.0193,-6.46
"Bottom Salinity","FS-Bottom","Salinity-sensor",2025-02-06 21:00,9.1817,0
"Bottom Temp","FS-Bottom","Temperature-sensor",2025-02-06 21:00,10.4516,0
"Bottom DO","FS-Bottom","DO-sensor",2025-02-06 21:00,9.6655,0
"Depth","FS-Bottom","Depth-sensor",2025-02-06 20:00,3.0585,-6.46
"Bottom Salinity","FS-Bottom","Salinity-sensor",2025-02-06 20:00,31.5298,0
"Bottom Temp","FS-Bottom","Temperature-sensor",2025-02-06 20:00,11.3306,0
"Bottom DO","FS-Bottom","DO-sensor",2025-02-06 20:00,7.5582,0
"Depth","FS-Bottom","Depth-sensor",2025-02-06 19:00,3.088,-6.46
"Bottom Salinity","FS-Bottom","Salinity-sensor",2025-02-06 19:00,31.3692,0
"Bottom Temp","FS-Bottom","Temperature-sensor",2025-02-06 19:00,11.3168,0
"Bottom DO","FS-Bottom","DO-sensor",2025-02-06 19:00,7.8328,0
"Depth","FS-Bottom","Depth-sensor",2025-02-06 18:00,3.0199,-6.46
"Bottom Salinity","FS-Bottom","Salinity-sensor",2025-02-06 18:00,30.0185,0
"Bottom Temp","FS-Bottom","Temperature-sensor",2025-02-06 18:00,11.2374,0
"Bottom DO","FS-Bottom","DO-sensor",2025-02-06 18:00,7.864,0
"Depth","FS-Bottom","Depth-sensor",2025-02-06 17:00,2.7894,-6.46
"Bottom Salinity","FS-Bottom","Salinity-sensor",2025-02-06 17:00,13.564,0
"Bottom Temp","FS-Bottom","Temperature-sensor",2025-02-06 17:00,10.4,0
"Bottom DO","FS-Bottom","DO-sensor",2025-02-06 17:00,9.4902,0
"Depth","FS-Bottom","Depth-sensor",2025-02-06 16:00,2.5073,-6.46
"Bottom Salinity","FS-Bottom","Salinity-sensor",2025-02-06 16:00,4.2892,0
"Bottom Temp","FS-Bottom","Temperature-sensor",2025-02-06 16:00,10.2402,0
"Bottom DO","FS-Bottom","DO-sensor",2025-02-06 16:00,10.1732,0
"Depth","FS-Bottom","Depth-sensor",2025-02-06 15:00,2.2316,-6.46
"Bottom Salinity","FS-Bottom","Salinity-sensor",2025-02-06 15:00,0,0
"Bottom Temp","FS-Bottom","Temperature-sensor",2025-02-06 15:00,10.1319,0
"Bottom DO","FS-Bottom","DO-sensor",2025-02-06 15:00,10.5374,0
"Depth","FS-Bottom","Depth-sensor",2025-02-06 14:00,2.0189,-6.46
"Bottom Salinity","FS-Bottom","Salinity-sensor",2025-02-06 14:00,0,0
"Bottom Temp","FS-Bottom","Temperature-sensor",2025-02-06 14:00,10.1079,0
"Bottom DO","FS-Bottom","DO-sensor",2025-02-06 14:00,10.5763,0
"Depth","FS-Bottom","Depth-sensor",2025-02-06 13:00,1.8837,-6.46
"Bottom Salinity","FS-Bottom","Salinity-sensor",2025-02-06 13:00,0,0
"Bottom Temp","FS-Bottom","Temperature-sensor",2025-02-06 13:00,10.0989,0
"Bottom DO","FS-Bottom","DO-sensor",2025-02-06 13:00,10.3904,0
"Depth","FS-Bottom","Depth-sensor",2025-02-06 12:00,1.9284,-6.46
"Bottom Salinity","FS-Bottom","Salinity-sensor",2025-02-06 12:00,0,0
"Bottom Temp","FS-Bottom","Temperature-sensor",2025-02-06 12:00,10.0981,0
"Bottom DO","FS-Bottom","DO-sensor",2025-02-06 12:00,10.4929,0
"Depth","FS-Bottom","Depth-sensor",2025-02-06 11:00,2.0522,-6.46
"Bottom Salinity","FS-Bottom","Salinity-sensor",2025-02-06 11:00,0,0
"Bottom Temp","FS-Bottom","Temperature-sensor",2025-02-06 11:00,10.1173,0
"Bottom DO","FS-Bottom","DO-sensor",2025-02-06 11:00,10.3728,0
"Depth","FS-Bottom","Depth-sensor",2025-02-06 10:00,2.3855,-6.46
"Bottom Salinity","FS-Bottom","Salinity-sensor",2025-02-06 10:00,0.0385,0
"Bottom Temp","FS-Bottom","Temperature-sensor",2025-02-06 10:00,10.2185,0
"Bottom DO","FS-Bottom","DO-sensor",2025-02-06 10:00,10.4996,0
"Depth","FS-Bottom","Depth-sensor",2025-02-06 09:00,2.7833,-6.46
"Bottom Salinity","FS-Bottom","Salinity-sensor",2025-02-06 09:00,4.583,0
"Bottom Temp","FS-Bottom","Temperature-sensor",2025-02-06 09:00,10.4306,0
"Bottom DO","FS-Bottom","DO-sensor",2025-02-06 09:00,9.7889,0
"Depth","FS-Bottom","Depth-sensor",2025-02-06 08:00,3.1885,-6.46
"Bottom Salinity","FS-Bottom","Salinity-sensor",2025-02-06 08:00,2.8617,0
"Bottom Temp","FS-Bottom","Temperature-sensor",2025-02-06 08:00,10.4171,0
"Bottom DO","FS-Bottom","DO-sensor",2025-02-06 08:00,10.2491,0
"Depth","FS-Bottom","Depth-sensor",2025-02-06 07:00,3.4881,-6.46
"Bottom Salinity","FS-Bottom","Salinity-sensor",2025-02-06 07:00,20.5879,0
"Bottom Temp","FS-Bottom","Temperature-sensor",2025-02-06 07:00,10.9753,0
"Bottom DO","FS-Bottom","DO-sensor",2025-02-06 07:00,8.7875,0
"Depth","FS-Bottom","Depth-sensor",2025-02-06 06:00,3.6937,-6.46
"Bottom Salinity","FS-Bottom","Salinity-sensor",2025-02-06 06:00,31.8644,0
"Bottom Temp","FS-Bottom","Temperature-sensor",2025-02-06 06:00,11.4468,0
"Bottom DO","FS-Bottom","DO-sensor",2025-02-06 06:00,7.8854,0
"Depth","FS-Bottom","Depth-sensor",2025-02-06 05:00,3.825,-6.46
"Bottom Salinity","FS-Bottom","Salinity-sensor",2025-02-06 05:00,31.8184,0
"Bottom Temp","FS-Bottom","Temperature-sensor",2025-02-06 05:00,11.4459,0
"Bottom DO","FS-Bottom","DO-sensor",2025-02-06 05:00,7.9063,0
"Depth","FS-Bottom","Depth-sensor",2025-02-06 04:00,3.7859,-6.46
"Bottom Salinity","FS-Bottom","Salinity-sensor",2025-02-06 04:00,31.8343,0
"Bottom Temp","FS-Bottom","Temperature-sensor",2025-02-06 04:00,11.4411,0
"Bottom DO","FS-Bottom","DO-sensor",2025-02-06 04:00,7.9375,0
"Depth","FS-Bottom","Depth-sensor",2025-02-06 03:00,3.5629,-6.46
"Bottom Salinity","FS-Bottom","Salinity-sensor",2025-02-06 03:00,30.8469,0
"Bottom Temp","FS-Bottom","Temperature-sensor",2025-02-06 03:00,11.3368,0
"Bottom DO","FS-Bottom","DO-sensor",2025-02-06 03:00,8.0548,0
"Depth","FS-Bottom","Depth-sensor",2025-02-06 02:00,3.2982,-6.46
"Bottom Salinity","FS-Bottom","Salinity-sensor",2025-02-06 02:00,12.6214,0
"Bottom Temp","FS-Bottom","Temperature-sensor",2025-02-06 02:00,10.8515,0
"Bottom DO","FS-Bottom","DO-sensor",2025-02-06 02:00,9.4255,0
"Depth","FS-Bottom","Depth-sensor",2025-02-06 01:00,3.0428,-6.46
"Bottom Salinity","FS-Bottom","Salinity-sensor",2025-02-06 01:00,1.8129,0
"Bottom Temp","FS-Bottom","Temperature-sensor",2025-02-06 01:00,10.5994,0
"Bottom DO","FS-Bottom","DO-sensor",2025-02-06 01:00,10.3936,0
"Depth","FS-Bottom","Depth-sensor",2025-02-06 00:00,2.8379,-6.46
"Bottom Salinity","FS-Bottom","Salinity-sensor",2025-02-06 00:00,0,0
"Bottom Temp","FS-Bottom","Temperature-sensor",2025-02-06 00:00,10.5558,0
"Bottom DO","FS-Bottom","DO-sensor",2025-02-06 00:00,10.5597,0
"Depth","FS-Bottom","Depth-sensor",2025-02-05 23:00,2.67,-6.46
"Bottom Salinity","FS-Bottom","Salinity-sensor",2025-02-05 23:00,0,0
"Bottom Temp","FS-Bottom","Temperature-sensor",2025-02-05 23:00,10.5528,0
"Bottom DO","FS-Bottom","DO-sensor",2025-02-05 23:00,10.5351,0
"Depth","FS-Bottom","Depth-sensor",2025-02-05 22:00,2.6432,-6.46
"Bottom Salinity","FS-Bottom","Salinity-sensor",2025-02-05 22:00,0,0
"Bottom Temp","FS-Bottom","Temperature-sensor",2025-02-05 22:00,10.5428,0
"Bottom DO","FS-Bottom","DO-sensor",2025-02-05 22:00,10.5549,0
"Depth","FS-Bottom","Depth-sensor",2025-02-05 21:00,2.6485,-6.46
"Bottom Salinity","FS-Bottom","Salinity-sensor",2025-02-05 21:00,0,0
"Bottom Temp","FS-Bottom","Temperature-sensor",2025-02-05 21:00,10.5275,0
"Bottom DO","FS-Bottom","DO-sensor",2025-02-05 21:00,10.5912,0
"Depth","FS-Bottom","Depth-sensor",2025-02-05 20:00,2.7858,-6.46
"Bottom Salinity","FS-Bottom","Salinity-sensor",2025-02-05 20:00,0,0
"Bottom Temp","FS-Bottom","Temperature-sensor",2025-02-05 20:00,10.5158,0
"Bottom DO","FS-Bottom","DO-sensor",2025-02-05 20:00,10.6145,0
"Depth","FS-Bottom","Depth-sensor",2025-02-05 19:00,2.8604,-6.46
"Bottom Salinity","FS-Bottom","Salinity-sensor",2025-02-05 19:00,0,0
"Bottom Temp","FS-Bottom","Temperature-sensor",2025-02-05 19:00,10.4938,0
"Bottom DO","FS-Bottom","DO-sensor",2025-02-05 19:00,10.6341,0
"Depth","FS-Bottom","Depth-sensor",2025-02-05 18:00,2.8854,-6.46
"Bottom Salinity","FS-Bottom","Salinity-sensor",2025-02-05 18:00,0,0
"Bottom Temp","FS-Bottom","Temperature-sensor",2025-02-05 18:00,10.4828,0
"Bottom DO","FS-Bottom","DO-sensor",2025-02-05 18:00,10.6563,0
"Depth","FS-Bottom","Depth-sensor",2025-02-05 17:00,2.8452,-6.46
"Bottom Salinity","FS-Bottom","Salinity-sensor",2025-02-05 17:00,0,0
"Bottom Temp","FS-Bottom","Temperature-sensor",2025-02-05 17:00,10.4937,0
"Bottom DO","FS-Bottom","DO-sensor",2025-02-05 17:00,10.6683,0
"Depth","FS-Bottom","Depth-sensor",2025-02-05 16:00,2.7237,-6.46
"Bottom Salinity","FS-Bottom","Salinity-sensor",2025-02-05 16:00,0,0
"Bottom Temp","FS-Bottom","Temperature-sensor",2025-02-05 16:00,10.4686,0
"Bottom DO","FS-Bottom","DO-sensor",2025-02-05 16:00,10.6842,0
"Depth","FS-Bottom","Depth-sensor",2025-02-05 15:00,2.4829,-6.46
"Bottom Salinity","FS-Bottom","Salinity-sensor",2025-02-05 15:00,0,0
"Bottom Temp","FS-Bottom","Temperature-sensor",2025-02-05 15:00,10.4505,0
"Bottom DO","FS-Bottom","DO-sensor",2025-02-05 15:00,10.7014,0
"Depth","FS-Bottom","Depth-sensor",2025-02-05 14:00,2.2542,-6.46
"Bottom Salinity","FS-Bottom","Salinity-sensor",2025-02-05 14:00,0,0
"Bottom Temp","FS-Bottom","Temperature-sensor",2025-02-05 14:00,10.3746,0
"Bottom DO","FS-Bottom","DO-sensor",2025-02-05 14:00,10.6955,0
"Depth","FS-Bottom","Depth-sensor",2025-02-05 13:00,2.057,-6.46
"Bottom Salinity","FS-Bottom","Salinity-sensor",2025-02-05 13:00,0,0
"Bottom Temp","FS-Bottom","Temperature-sensor",2025-02-05 13:00,10.3967,0
"Bottom DO","FS-Bottom","DO-sensor",2025-02-05 13:00,10.6851,0
"Depth","FS-Bottom","Depth-sensor",2025-02-05 12:00,1.9408,-6.46
"Bottom Salinity","FS-Bottom","Salinity-sensor",2025-02-05 12:00,0,0
"Bottom Temp","FS-Bottom","Temperature-sensor",2025-02-05 12:00,10.4156,0
"Bottom DO","FS-Bottom","DO-sensor",2025-02-05 12:00,10.698,0
"Depth","FS-Bottom","Depth-sensor",2025-02-05 11:00,1.9126,-6.46
"Bottom Salinity","FS-Bottom","Salinity-sensor",2025-02-05 11:00,0,0
"Bottom Temp","FS-Bottom","Temperature-sensor",2025-02-05 11:00,10.3858,0
"Bottom DO","FS-Bottom","DO-sensor",2025-02-05 11:00,10.5366,0
"Depth","FS-Bottom","Depth-sensor",2025-02-05 10:00,2.0613,-6.46
"Bottom Salinity","FS-Bottom","Salinity-sensor",2025-02-05 10:00,0,0
"Bottom Temp","FS-Bottom","Temperature-sensor",2025-02-05 10:00,10.333,0
"Bottom DO","FS-Bottom","DO-sensor",2025-02-05 10:00,10.6595,0
"Depth","FS-Bottom","Depth-sensor",2025-02-05 09:00,2.3502,-6.46
"Bottom Salinity","FS-Bottom","Salinity-sensor",2025-02-05 09:00,0,0
"Bottom Temp","FS-Bottom","Temperature-sensor",2025-02-05 09:00,10.3395,0
"Bottom DO","FS-Bottom","DO-sensor",2025-02-05 09:00,10.6624,0
"Depth","FS-Bottom","Depth-sensor",2025-02-05 08:00,2.7173,-6.46
"Bottom Salinity","FS-Bottom","Salinity-sensor",2025-02-05 08:00,0,0
"Bottom Temp","FS-Bottom","Temperature-sensor",2025-02-05 08:00,10.3702,0
"Bottom DO","FS-Bottom","DO-sensor",2025-02-05 08:00,10.6424,0
"Depth","FS-Bottom","Depth-sensor",2025-02-05 07:00,3.0968,-6.46
"Bottom Salinity","FS-Bottom","Salinity-sensor",2025-02-05 07:00,0,0
"Bottom Temp","FS-Bottom","Temperature-sensor",2025-02-05 07:00,10.4205,0
"Bottom DO","FS-Bottom","DO-sensor",2025-02-05 07:00,10.6363,0
"Depth","FS-Bottom","Depth-sensor",2025-02-05 06:00,3.4655,-6.46
"Bottom Salinity","FS-Bottom","Salinity-sensor",2025-02-05 06:00,0,0
"Bottom Temp","FS-Bottom","Temperature-sensor",2025-02-05 06:00,10.4682,0
"Bottom DO","FS-Bottom","DO-sensor",2025-02-05 06:00,10.6273,0
"Depth","FS-Bottom","Depth-sensor",2025-02-05 05:00,3.6505,-6.46
"Bottom Salinity","FS-Bottom","Salinity-sensor",2025-02-05 05:00,0,0
"Bottom Temp","FS-Bottom","Temperature-sensor",2025-02-05 05:00,10.5142,0
"Bottom DO","FS-Bottom","DO-sensor",2025-02-05 05:00,10.621,0
"Depth","FS-Bottom","Depth-sensor",2025-02-05 04:00,3.7846,-6.46
"Bottom Salinity","FS-Bottom","Salinity-sensor",2025-02-05 04:00,0,0
"Bottom Temp","FS-Bottom","Temperature-sensor",2025-02-05 04:00,10.5515,0
"Bottom DO","FS-Bottom","DO-sensor",2025-02-05 04:00,10.6263,0
"Depth","FS-Bottom","Depth-sensor",2025-02-05 03:00,3.7374,-6.46
"Bottom Salinity","FS-Bottom","Salinity-sensor",2025-02-05 03:00,0,0
"Bottom Temp","FS-Bottom","Temperature-sensor",2025-02-05 03:00,10.5732,0
"Bottom DO","FS-Bottom","DO-sensor",2025-02-05 03:00,10.6228,0
"Depth","FS-Bottom","Depth-sensor",2025-02-05 02:00,3.5428,-6.46
"Bottom Salinity","FS-Bottom","Salinity-sensor",2025-02-05 02:00,0,0
"Bottom Temp","FS-Bottom","Temperature-sensor",2025-02-05 02:00,10.5829,0
"Bottom DO","FS-Bottom","DO-sensor",2025-02-05 02:00,10.5826,0
"Depth","FS-Bottom","Depth-sensor",2025-02-05 01:00,3.2542,-6.46
"Bottom Salinity","FS-Bottom","Salinity-sensor",2025-02-05 01:00,0,0
"Bottom Temp","FS-Bottom","Temperature-sensor",2025-02-05 01:00,10.5985,0
"Bottom DO","FS-Bottom","DO-sensor",2025-02-05 01:00,10.5716,0
"Depth","FS-Bottom","Depth-sensor",2025-02-05 00:00,2.9392,-6.46
"Bottom Salinity","FS-Bottom","Salinity-sensor",2025-02-05 00:00,0,0
"Bottom Temp","FS-Bottom","Temperature-sensor",2025-02-05 00:00,10.6331,0
"Bottom DO","FS-Bottom","DO-sensor",2025-02-05 00:00,10.56,0
"Depth","FS-Bottom","Depth-sensor",2025-02-04 23:00,2.6807,-6.46
"Bottom Salinity","FS-Bottom","Salinity-sensor",2025-02-04 23:00,0,0
"Bottom Temp","FS-Bottom","Temperature-sensor",2025-02-04 23:00,10.6677,0
"Bottom DO","FS-Bottom","DO-sensor",2025-02-04 23:00,10.5781,0
"Depth","FS-Bottom","Depth-sensor",2025-02-04 22:00,2.527,-6.46
"Bottom Salinity","FS-Bottom","Salinity-sensor",2025-02-04 22:00,0,0
"Bottom Temp","FS-Bottom","Temperature-sensor",2025-02-04 22:00,10.7248,0
"Bottom DO","FS-Bottom","DO-sensor",2025-02-04 22:00,10.5354,0
"Depth","FS-Bottom","Depth-sensor",2025-02-04 21:00,2.5366,-6.46
"Bottom Salinity","FS-Bottom","Salinity-sensor",2025-02-04 21:00,0,0
"Bottom Temp","FS-Bottom","Temperature-sensor",2025-02-04 21:00,10.7775,0
"Bottom DO","FS-Bottom","DO-sensor",2025-02-04 21:00,10.4955,0
"Depth","FS-Bottom","Depth-sensor",2025-02-04 20:00,2.6094,-6.46
"Bottom Salinity","FS-Bottom","Salinity-sensor",2025-02-04 20:00,0,0
"Bottom Temp","FS-Bottom","Temperature-sensor",2025-02-04 20:00,10.8229,0
"Bottom DO","FS-Bottom","DO-sensor",2025-02-04 20:00,10.503,0
"Depth","FS-Bottom","Depth-sensor",2025-02-04 19:00,2.7797,-6.46
"Bottom Salinity","FS-Bottom","Salinity-sensor",2025-02-04 19:00,0,0
"Bottom Temp","FS-Bottom","Temperature-sensor",2025-02-04 19:00,10.8857,0
"Bottom DO","FS-Bottom","DO-sensor",2025-02-04 19:00,10.4847,0
"Depth","FS-Bottom","Depth-sensor",2025-02-04 18:00,2.9256,-6.46
"Bottom Salinity","FS-Bottom","Salinity-sensor",2025-02-04 18:00,0,0
"Bottom Temp","FS-Bottom","Temperature-sensor",2025-02-04 18:00,10.9432,0
"Bottom DO","FS-Bottom","DO-sensor",2025-02-04 18:00,10.4504,0
"Depth","FS-Bottom","Depth-sensor",2025-02-04 17:00,3.0723,-6.46
"Bottom Salinity","FS-Bottom","Salinity-sensor",2025-02-04 17:00,0,0
"Bottom Temp","FS-Bottom","Temperature-sensor",2025-02-04 17:00,10.998,0
"Bottom DO","FS-Bottom","DO-sensor",2025-02-04 17:00,10.4474,0
"Depth","FS-Bottom","Depth-sensor",2025-02-04 16:00,3.1459,-6.46
"Bottom Salinity","FS-Bottom","Salinity-sensor",2025-02-04 16:00,0,0
"Bottom Temp","FS-Bottom","Temperature-sensor",2025-02-04 16:00,11.0325,0
"Bottom DO","FS-Bottom","DO-sensor",2025-02-04 16:00,10.4052,0
"Depth","FS-Bottom","Depth-sensor",2025-02-04 15:00,3.1042,-6.46
"Bottom Salinity","FS-Bottom","Salinity-sensor",2025-02-04 15:00,0,0
"Bottom Temp","FS-Bottom","Temperature-sensor",2025-02-04 15:00,11.0599,0
"Bottom DO","FS-Bottom","DO-sensor",2025-02-04 15:00,10.4192,0
"Depth","FS-Bottom","Depth-sensor",2025-02-04 14:00,2.9355,-6.46
"Bottom Salinity","FS-Bottom","Salinity-sensor",2025-02-04 14:00,0,0
"Bottom Temp","FS-Bottom","Temperature-sensor",2025-02-04 14:00,11.0817,0
"Bottom DO","FS-Bottom","DO-sensor",2025-02-04 14:00,10.3897,0
"Depth","FS-Bottom","Depth-sensor",2025-02-04 13:00,2.7147,-6.46
"Bottom Salinity","FS-Bottom","Salinity-sensor",2025-02-04 13:00,0,0
"Bottom Temp","FS-Bottom","Temperature-sensor",2025-02-04 13:00,11.1216,0
"Bottom DO","FS-Bottom","DO-sensor",2025-02-04 13:00,10.3812,0
"Depth","FS-Bottom","Depth-sensor",2025-02-04 12:00,2.4545,-6.46
"Bottom Salinity","FS-Bottom","Salinity-sensor",2025-02-04 12:00,0,0
"Bottom Temp","FS-Bottom","Temperature-sensor",2025-02-04 12:00,11.1522,0
"Bottom DO","FS-Bottom","DO-sensor",2025-02-04 12:00,10.384,0
"Depth","FS-Bottom","Depth-sensor",2025-02-04 11:00,2.3123,-6.46
"Bottom Salinity","FS-Bottom","Salinity-sensor",2025-02-04 11:00,0,0
"Bottom Temp","FS-Bottom","Temperature-sensor",2025-02-04 11:00,11.1698,0
"Bottom DO","FS-Bottom","DO-sensor",2025-02-04 11:00,10.3761,0
"Depth","FS-Bottom","Depth-sensor",2025-02-04 10:00,2.2251,-6.46
"Bottom Salinity","FS-Bottom","Salinity-sensor",2025-02-04 10:00,0,0
"Bottom Temp","FS-Bottom","Temperature-sensor",2025-02-04 10:00,11.1786,0
"Bottom DO","FS-Bottom","DO-sensor",2025-02-04 10:00,10.3862,0
"Depth","FS-Bottom","Depth-sensor",2025-02-04 09:00,2.3232,-6.46
"Bottom Salinity","FS-Bottom","Salinity-sensor",2025-02-04 09:00,0,0
"Bottom Temp","FS-Bottom","Temperature-sensor",2025-02-04 09:00,11.176,0
"Bottom DO","FS-Bottom","DO-sensor",2025-02-04 09:00,10.3876,0
"Depth","FS-Bottom","Depth-sensor",2025-02-04 08:00,2.5291,-6.46
"Bottom Salinity","FS-Bottom","Salinity-sensor",2025-02-04 08:00,0,0
"Bottom Temp","FS-Bottom","Temperature-sensor",2025-02-04 08:00,11.1663,0
"Bottom DO","FS-Bottom","DO-sensor",2025-02-04 08:00,10.4098,0
"Depth","FS-Bottom","Depth-sensor",2025-02-04 07:00,2.877,-6.46
"Bottom Salinity","FS-Bottom","Salinity-sensor",2025-02-04 07:00,0,0
"Bottom Temp","FS-Bottom","Temperature-sensor",2025-02-04 07:00,11.1545,0
"Bottom DO","FS-Bottom","DO-sensor",2025-02-04 07:00,10.4023,0
"Depth","FS-Bottom","Depth-sensor",2025-02-04 06:00,3.2957,-6.46
"Bottom Salinity","FS-Bottom","Salinity-sensor",2025-02-04 06:00,0,0
"Bottom Temp","FS-Bottom","Temperature-sensor",2025-02-04 06:00,11.1403,0
"Bottom DO","FS-Bottom","DO-sensor",2025-02-04 06:00,10.4381,0
"Depth","FS-Bottom","Depth-sensor",2025-02-04 05:00,3.5926,-6.46
"Bottom Salinity","FS-Bottom","Salinity-sensor",2025-02-04 05:00,0,0
"Bottom Temp","FS-Bottom","Temperature-sensor",2025-02-04 05:00,11.1243,0
"Bottom DO","FS-Bottom","DO-sensor",2025-02-04 05:00,10.4525,0
"Depth","FS-Bottom","Depth-sensor",2025-02-04 04:00,3.7607,-6.46
"Bottom Salinity","FS-Bottom","Salinity-sensor",2025-02-04 04:00,0,0
"Bottom Temp","FS-Bottom","Temperature-sensor",2025-02-04 04:00,11.1091,0
"Bottom DO","FS-Bottom","DO-sensor",2025-02-04 04:00,10.4489,0
"Depth","FS-Bottom","Depth-sensor",2025-02-04 03:00,3.6301,-6.46
"Bottom Salinity","FS-Bottom","Salinity-sensor",2025-02-04 03:00,0,0
"Bottom Temp","FS-Bottom","Temperature-sensor",2025-02-04 03:00,11.1036,0
"Bottom DO","FS-Bottom","DO-sensor",2025-02-04 03:00,10.4663,0
"Depth","FS-Bottom","Depth-sensor",2025-02-04 02:00,3.7393,-6.46
"Bottom Salinity","FS-Bottom","Salinity-sensor",2025-02-04 02:00,0,0
"Bottom Temp","FS-Bottom","Temperature-sensor",2025-02-04 02:00,11.1058,0
"Bottom DO","FS-Bottom","DO-sensor",2025-02-04 02:00,10.4636,0
"Depth","FS-Bottom","Depth-sensor",2025-02-04 01:00,3.4986,-6.46
"Bottom Salinity","FS-Bottom","Salinity-sensor",2025-02-04 01:00,0,0
"Bottom Temp","FS-Bottom","Temperature-sensor",2025-02-04 01:00,11.1025,0
"Bottom DO","FS-Bottom","DO-sensor",2025-02-04 01:00,10.4332,0
"Depth","FS-Bottom","Depth-sensor",2025-02-04 00:00,3.159,-6.46
"Bottom Salinity","FS-Bottom","Salinity-sensor",2025-02-04 00:00,0,0
"Bottom Temp","FS-Bottom","Temperature-sensor",2025-02-04 00:00,11.0894,0
"Bottom DO","FS-Bottom","DO-sensor",2025-02-04 00:00,10.4714,0
"Depth","FS-Bottom","Depth-sensor",2025-02-03 23:00,2.7964,-6.46
"Bottom Salinity","FS-Bottom","Salinity-sensor",2025-02-03 23:00,0,0
"Bottom Temp","FS-Bottom","Temperature-sensor",2025-02-03 23:00,11.0653,0
"Bottom DO","FS-Bottom","DO-sensor",2025-02-03 23:00,10.4426,0
"Depth","FS-Bottom","Depth-sensor",2025-02-03 22:00,2.4764,-6.46
"Bottom Salinity","FS-Bottom","Salinity-sensor",2025-02-03 22:00,0,0
"Bottom Temp","FS-Bottom","Temperature-sensor",2025-02-03 22:00,11.0417,0
"Bottom DO","FS-Bottom","DO-sensor",2025-02-03 22:00,10.4746,0
"Depth","FS-Bottom","Depth-sensor",2025-02-03 21:00,2.3315,-6.46
"Bottom Salinity","FS-Bottom","Salinity-sensor",2025-02-03 21:00,0,0
"Bottom Temp","FS-Bottom","Temperature-sensor",2025-02-03 21:00,11.0414,0
"Bottom DO","FS-Bottom","DO-sensor",2025-02-03 21:00,10.4327,0
"Depth","FS-Bottom","Depth-sensor",2025-02-03 20:00,2.3896,-6.46
"Bottom Salinity","FS-Bottom","Salinity-sensor",2025-02-03 20:00,0,0
"Bottom Temp","FS-Bottom","Temperature-sensor",2025-02-03 20:00,11.0644,0
"Bottom DO","FS-Bottom","DO-sensor",2025-02-03 20:00,10.411,0
"Depth","FS-Bottom","Depth-sensor",2025-02-03 19:00,2.5372,-6.46
"Bottom Salinity","FS-Bottom","Salinity-sensor",2025-02-03 19:00,0,0
"Bottom Temp","FS-Bottom","Temperature-sensor",2025-02-03 19:00,11.1089,0
"Bottom DO","FS-Bottom","DO-sensor",2025-02-03 19:00,10.3219,0
"Depth","FS-Bottom","Depth-sensor",2025-02-03 18:00,2.8076,-6.46
"Bottom Salinity","FS-Bottom","Salinity-sensor",2025-02-03 18:00,0,0
"Bottom Temp","FS-Bottom","Temperature-sensor",2025-02-03 18:00,11.1364,0
"Bottom DO","FS-Bottom","DO-sensor",2025-02-03 18:00,10.3934,0
"Depth","FS-Bottom","Depth-sensor",2025-02-03 17:00,2.9812,-6.46
"Bottom Salinity","FS-Bottom","Salinity-sensor",2025-02-03 17:00,1.8025,0
"Bottom Temp","FS-Bottom","Temperature-sensor",2025-02-03 17:00,11.0883,0
"Bottom DO","FS-Bottom","DO-sensor",2025-02-03 17:00,10.2167,0
"Depth","FS-Bottom","Depth-sensor",2025-02-03 16:00,3.168,-6.46
"Bottom Salinity","FS-Bottom","Salinity-sensor",2025-02-03 16:00,3.8612,0
"Bottom Temp","FS-Bottom","Temperature-sensor",2025-02-03 16:00,11.0824,0
"Bottom DO","FS-Bottom","DO-sensor",2025-02-03 16:00,10.1704,0
"Depth","FS-Bottom","Depth-sensor",2025-02-03 15:00,3.2788,-6.46
"Bottom Salinity","FS-Bottom","Salinity-sensor",2025-02-03 15:00,6.4047,0
"Bottom Temp","FS-Bottom","Temperature-sensor",2025-02-03 15:00,11.0312,0
"Bottom DO","FS-Bottom","DO-sensor",2025-02-03 15:00,9.9652,0
"Depth","FS-Bottom","Depth-sensor",2025-02-03 14:00,3.1977,-6.46
"Bottom Salinity","FS-Bottom","Salinity-sensor",2025-02-03 14:00,6.1477,0
"Bottom Temp","FS-Bottom","Temperature-sensor",2025-02-03 14:00,10.9934,0
"Bottom DO","FS-Bottom","DO-sensor",2025-02-03 14:00,10.0612,0
"Depth","FS-Bottom","Depth-sensor",2025-02-03 13:00,3.005,-6.46
"Bottom Salinity","FS-Bottom","Salinity-sensor",2025-02-03 13:00,0.5521,0
"Bottom Temp","FS-Bottom","Temperature-sensor",2025-02-03 13:00,10.9175,0
"Bottom DO","FS-Bottom","DO-sensor",2025-02-03 13:00,10.4744,0
"Depth","FS-Bottom","Depth-sensor",2025-02-03 12:00,2.7713,-6.46
"Bottom Salinity","FS-Bottom","Salinity-sensor",2025-02-03 12:00,0.1604,0
"Bottom Temp","FS-Bottom","Temperature-sensor",2025-02-03 12:00,10.8305,0
"Bottom DO","FS-Bottom","DO-sensor",2025-02-03 12:00,10.4867,0
"Depth","FS-Bottom","Depth-sensor",2025-02-03 11:00,2.4987,-6.46
"Bottom Salinity","FS-Bottom","Salinity-sensor",2025-02-03 11:00,0,0
"Bottom Temp","FS-Bottom","Temperature-sensor",2025-02-03 11:00,10.7989,0
"Bottom DO","FS-Bottom","DO-sensor",2025-02-03 11:00,10.5023,0
"Depth","FS-Bottom","Depth-sensor",2025-02-03 10:00,2.2686,-6.46
"Bottom Salinity","FS-Bottom","Salinity-sensor",2025-02-03 10:00,0,0
"Bottom Temp","FS-Bottom","Temperature-sensor",2025-02-03 10:00,10.762,0
"Bottom DO","FS-Bottom","DO-sensor",2025-02-03 10:00,10.5429,0
"Depth","FS-Bottom","Depth-sensor",2025-02-03 09:00,2.2007,-6.46
"Bottom Salinity","FS-Bottom","Salinity-sensor",2025-02-03 09:00,0,0
"Bottom Temp","FS-Bottom","Temperature-sensor",2025-02-03 09:00,10.7412,0
"Bottom DO","FS-Bottom","DO-sensor",2025-02-03 09:00,10.5011,0
"Depth","FS-Bottom","Depth-sensor",2025-02-03 08:00,2.251,-6.46
"Bottom Salinity","FS-Bottom","Salinity-sensor",2025-02-03 08:00,0,0
"Bottom Temp","FS-Bottom","Temperature-sensor",2025-02-03 08:00,10.7211,0
"Bottom DO","FS-Bottom","DO-sensor",2025-02-03 08:00,10.4745,0
"Depth","FS-Bottom","Depth-sensor",2025-02-03 07:00,2.4992,-6.46
"Bottom Salinity","FS-Bottom","Salinity-sensor",2025-02-03 07:00,3.1179,0
"Bottom Temp","FS-Bottom","Temperature-sensor",2025-02-03 07:00,10.7584,0
"Bottom DO","FS-Bottom","DO-sensor",2025-02-03 07:00,10.2136,0
"Depth","FS-Bottom","Depth-sensor",2025-02-03 06:00,2.8436,-6.46
"Bottom Salinity","FS-Bottom","Salinity-sensor",2025-02-03 06:00,6.6943,0
"Bottom Temp","FS-Bottom","Temperature-sensor",2025-02-03 06:00,10.7921,0
"Bottom DO","FS-Bottom","DO-sensor",2025-02-03 06:00,10.0132,0
"Depth","FS-Bottom","Depth-sensor",2025-02-03 05:00,3.2256,-6.46
"Bottom Salinity","FS-Bottom","Salinity-sensor",2025-02-03 05:00,7.7612,0
"Bottom Temp","FS-Bottom","Temperature-sensor",2025-02-03 05:00,10.7911,0
"Bottom DO","FS-Bottom","DO-sensor",2025-02-03 05:00,10.0183,0
"Depth","FS-Bottom","Depth-sensor",2025-02-03 04:00,3.5409,-6.46
"Bottom Salinity","FS-Bottom","Salinity-sensor",2025-02-03 04:00,29.0455,0
"Bottom Temp","FS-Bottom","Temperature-sensor",2025-02-03 04:00,11.1617,0
"Bottom DO","FS-Bottom","DO-sensor",2025-02-03 04:00,8.5368,0
"Depth","FS-Bottom","Depth-sensor",2025-02-03 03:00,3.6835,-6.46
"Bottom Salinity","FS-Bottom","Salinity-sensor",2025-02-03 03:00,31.5659,0
"Bottom Temp","FS-Bottom","Temperature-sensor",2025-02-03 03:00,11.2324,0
"Bottom DO","FS-Bottom","DO-sensor",2025-02-03 03:00,8.3717,0
"Depth","FS-Bottom","Depth-sensor",2025-02-03 02:00,3.6988,-6.46
"Bottom Salinity","FS-Bottom","Salinity-sensor",2025-02-03 02:00,30.9684,0
"Bottom Temp","FS-Bottom","Temperature-sensor",2025-02-03 02:00,11.2144,0
"Bottom DO","FS-Bottom","DO-sensor",2025-02-03 02:00,8.4483,0
"Depth","FS-Bottom","Depth-sensor",2025-02-03 01:00,3.5058,-6.46
"Bottom Salinity","FS-Bottom","Salinity-sensor",2025-02-03 01:00,29.127,0
"Bottom Temp","FS-Bottom","Temperature-sensor",2025-02-03 01:00,11.1778,0
"Bottom DO","FS-Bottom","DO-sensor",2025-02-03 01:00,8.5185,0
"Depth","FS-Bottom","Depth-sensor",2025-02-03 00:00,3.1623,-6.46
"Bottom Salinity","FS-Bottom","Salinity-sensor",2025-02-03 00:00,27.535,0
"Bottom Temp","FS-Bottom","Temperature-sensor",2025-02-03 00:00,11.0997,0
"Bottom DO","FS-Bottom","DO-sensor",2025-02-03 00:00,8.7231,0
"Depth","FS-Bottom","Depth-sensor",2025-02-02 23:00,2.7084,-6.46
"Bottom Salinity","FS-Bottom","Salinity-sensor",2025-02-02 23:00,9.4424,0
"Bottom Temp","FS-Bottom","Temperature-sensor",2025-02-02 23:00,10.6849,0
"Bottom DO","FS-Bottom","DO-sensor",2025-02-02 23:00,9.6882,0
"Depth","FS-Bottom","Depth-sensor",2025-02-02 22:00,2.3383,-6.46
"Bottom Salinity","FS-Bottom","Salinity-sensor",2025-02-02 22:00,0,0
"Bottom Temp","FS-Bottom","Temperature-sensor",2025-02-02 22:00,10.5736,0
"Bottom DO","FS-Bottom","DO-sensor",2025-02-02 22:00,10.5593,0
"Depth","FS-Bottom","Depth-sensor",2025-02-02 21:00,2.0006,-6.46
"Bottom Salinity","FS-Bottom","Salinity-sensor",2025-02-02 21:00,0,0
"Bottom Temp","FS-Bottom","Temperature-sensor",2025-02-02 21:00,10.5618,0
"Bottom DO","FS-Bottom","DO-sensor",2025-02-02 21:00,10.4988,0
"Depth","FS-Bottom","Depth-sensor",2025-02-02 20:00,1.9271,-6.46
"Bottom Salinity","FS-Bottom","Salinity-sensor",2025-02-02 20:00,0,0
"Bottom Temp","FS-Bottom","Temperature-sensor",2025-02-02 20:00,10.5398,0
"Bottom DO","FS-Bottom","DO-sensor",2025-02-02 20:00,10.5573,0
"Depth","FS-Bottom","Depth-sensor",2025-02-02 19:00,1.9578,-6.46
"Bottom Salinity","FS-Bottom","Salinity-sensor",2025-02-02 19:00,0.8335,0
"Bottom Temp","FS-Bottom","Temperature-sensor",2025-02-02 19:00,10.4815,0
"Bottom DO","FS-Bottom","DO-sensor",2025-02-02 19:00,10.4993,0
"Depth","FS-Bottom","Depth-sensor",2025-02-02 18:00,2.2463,-6.46
"Bottom Salinity","FS-Bottom","Salinity-sensor",2025-02-02 18:00,2.1606,0
"Bottom Temp","FS-Bottom","Temperature-sensor",2025-02-02 18:00,10.4832,0
"Bottom DO","FS-Bottom","DO-sensor",2025-02-02 18:00,10.362,0
"Depth","FS-Bottom","Depth-sensor",2025-02-02 17:00,2.5953,-6.46
"Bottom Salinity","FS-Bottom","Salinity-sensor",2025-02-02 17:00,3.348,0
"Bottom Temp","FS-Bottom","Temperature-sensor",2025-02-02 17:00,10.447,0
"Bottom DO","FS-Bottom","DO-sensor",2025-02-02 17:00,10.318,0
"Depth","FS-Bottom","Depth-sensor",2025-02-02 16:00,2.945,-6.46
"Bottom Salinity","FS-Bottom","Salinity-sensor",2025-02-02 16:00,8.3447,0
"Bottom Temp","FS-Bottom","Temperature-sensor",2025-02-02 16:00,10.487,0
"Bottom DO","FS-Bottom","DO-sensor",2025-02-02 16:00,9.7179,0
"Depth","FS-Bottom","Depth-sensor",2025-02-02 15:00,3.1787,-6.46
"Bottom Salinity","FS-Bottom","Salinity-sensor",2025-02-02 15:00,16.7139,0
"Bottom Temp","FS-Bottom","Temperature-sensor",2025-02-02 15:00,10.6908,0
"Bottom DO","FS-Bottom","DO-sensor",2025-02-02 15:00,8.7064,0
"Depth","FS-Bottom","Depth-sensor",2025-02-02 14:00,3.3536,-6.46
"Bottom Salinity","FS-Bottom","Salinity-sensor",2025-02-02 14:00,31.6289,0
"Bottom Temp","FS-Bottom","Temperature-sensor",2025-02-02 14:00,11.0156,0
"Bottom DO","FS-Bottom","DO-sensor",2025-02-02 14:00,7.9153,0
"Depth","FS-Bottom","Depth-sensor",2025-02-02 13:00,3.3798,-6.46
"Bottom Salinity","FS-Bottom","Salinity-sensor",2025-02-02 13:00,31.8208,0
"Bottom Temp","FS-Bottom","Temperature-sensor",2025-02-02 13:00,11.0927,0
"Bottom DO","FS-Bottom","DO-sensor",2025-02-02 13:00,8.1939,0
"Depth","FS-Bottom","Depth-sensor",2025-02-02 12:00,3.2032,-6.46
"Bottom Salinity","FS-Bottom","Salinity-sensor",2025-02-02 12:00,31.3684,0
"Bottom Temp","FS-Bottom","Temperature-sensor",2025-02-02 12:00,11.0117,0
"Bottom DO","FS-Bottom","DO-sensor",2025-02-02 12:00,7.9672,0
"Depth","FS-Bottom","Depth-sensor",2025-02-02 11:00,2.8661,-6.46
"Bottom Salinity","FS-Bottom","Salinity-sensor",2025-02-02 11:00,31.4199,0
"Bottom Temp","FS-Bottom","Temperature-sensor",2025-02-02 11:00,10.9758,0
"Bottom DO","FS-Bottom","DO-sensor",2025-02-02 11:00,7.9316,0
"Depth","FS-Bottom","Depth-sensor",2025-02-02 10:00,2.5877,-6.46
"Bottom Salinity","FS-Bottom","Salinity-sensor",2025-02-02 10:00,28.8865,0
"Bottom Temp","FS-Bottom","Temperature-sensor",2025-02-02 10:00,10.864,0
"Bottom DO","FS-Bottom","DO-sensor",2025-02-02 10:00,8.0296,0
"Depth","FS-Bottom","Depth-sensor",2025-02-02 09:00,2.3309,-6.46
"Bottom Salinity","FS-Bottom","Salinity-sensor",2025-02-02 09:00,29.5773,0
"Bottom Temp","FS-Bottom","Temperature-sensor",2025-02-02 09:00,10.8158,0
"Bottom DO","FS-Bottom","DO-sensor",2025-02-02 09:00,8.017,0
"Depth","FS-Bottom","Depth-sensor",2025-02-02 08:00,2.2463,-6.46
"Bottom Salinity","FS-Bottom","Salinity-sensor",2025-02-02 08:00,30.1101,0
"Bottom Temp","FS-Bottom","Temperature-sensor",2025-02-02 08:00,10.8383,0
"Bottom DO","FS-Bottom","DO-sensor",2025-02-02 08:00,7.9333,0
"Depth","FS-Bottom","Depth-sensor",2025-02-02 07:00,2.3257,-6.46
"Bottom Salinity","FS-Bottom","Salinity-sensor",2025-02-02 07:00,31.6651,0
"Bottom Temp","FS-Bottom","Temperature-sensor",2025-02-02 07:00,10.8942,0
"Bottom DO","FS-Bottom","DO-sensor",2025-02-02 07:00,7.8938,0
"Depth","FS-Bottom","Depth-sensor",2025-02-02 06:00,2.544,-6.46
"Bottom Salinity","FS-Bottom","Salinity-sensor",2025-02-02 06:00,31.5201,0
"Bottom Temp","FS-Bottom","Temperature-sensor",2025-02-02 06:00,10.9352,0
"Bottom DO","FS-Bottom","DO-sensor",2025-02-02 06:00,7.9866,0
"Depth","FS-Bottom","Depth-sensor",2025-02-02 05:00,2.8733,-6.46
"Bottom Salinity","FS-Bottom","Salinity-sensor",2025-02-02 05:00,31.8447,0
"Bottom Temp","FS-Bottom","Temperature-sensor",2025-02-02 05:00,10.9968,0
"Bottom DO","FS-Bottom","DO-sensor",2025-02-02 05:00,8.0595,0
"Depth","FS-Bottom","Depth-sensor",2025-02-02 04:00,3.2263,-6.46
"Bottom Salinity","FS-Bottom","Salinity-sensor",2025-02-02 04:00,32.6181,0
"Bottom Temp","FS-Bottom","Temperature-sensor",2025-02-02 04:00,11.0414,0
"Bottom DO","FS-Bottom","DO-sensor",2025-02-02 04:00,8.0488,0
"Depth","FS-Bottom","Depth-sensor",2025-02-02 03:00,3.5452,-6.46
"Bottom Salinity","FS-Bottom","Salinity-sensor",2025-02-02 03:00,32.9786,0
"Bottom Temp","FS-Bottom","Temperature-sensor",2025-02-02 03:00,11.0766,0
"Bottom DO","FS-Bottom","DO-sensor",2025-02-02 03:00,8.1656,0
"Depth","FS-Bottom","Depth-sensor",2025-02-02 02:00,3.6704,-6.46
"Bottom Salinity","FS-Bottom","Salinity-sensor",2025-02-02 02:00,33.2367,0
"Bottom Temp","FS-Bottom","Temperature-sensor",2025-02-02 02:00,11.1032,0
"Bottom DO","FS-Bottom","DO-sensor",2025-02-02 02:00,8.1836,0
"Depth","FS-Bottom","Depth-sensor",2025-02-02 01:00,3.5738,-6.46
"Bottom Salinity","FS-Bottom","Salinity-sensor",2025-02-02 01:00,33.3228,0
"Bottom Temp","FS-Bottom","Temperature-sensor",2025-02-02 01:00,11.1168,0
"Bottom DO","FS-Bottom","DO-sensor",2025-02-02 01:00,8.2355,0
"Depth","FS-Bottom","Depth-sensor",2025-02-02 00:00,3.2847,-6.46
"Bottom Salinity","FS-Bottom","Salinity-sensor",2025-02-02 00:00,33.0147,0
"Bottom Temp","FS-Bottom","Temperature-sensor",2025-02-02 00:00,11.0782,0
"Bottom DO","FS-Bottom","DO-sensor",2025-02-02 00:00,8.2217,0
"Depth","FS-Bottom","Depth-sensor",2025-02-01 23:00,2.8633,-6.46
"Bottom Salinity","FS-Bottom","Salinity-sensor",2025-02-01 23:00,33.0941,0
"Bottom Temp","FS-Bottom","Temperature-sensor",2025-02-01 23:00,11.0588,0
"Bottom DO","FS-Bottom","DO-sensor",2025-02-01 23:00,8.3012,0
"Depth","FS-Bottom","Depth-sensor",2025-02-01 22:00,2.4137,-6.46
"Bottom Salinity","FS-Bottom","Salinity-sensor",2025-02-01 22:00,32.6522,0
"Bottom Temp","FS-Bottom","Temperature-sensor",2025-02-01 22:00,11.0096,0
"Bottom DO","FS-Bottom","DO-sensor",2025-02-01 22:00,8.3315,0
"Depth","FS-Bottom","Depth-sensor",2025-02-01 21:00,1.9811,-6.46
"Bottom Salinity","FS-Bottom","Salinity-sensor",2025-02-01 21:00,30.9726,0
"Bottom Temp","FS-Bottom","Temperature-sensor",2025-02-01 21:00,10.6961,0
"Bottom DO","FS-Bottom","DO-sensor",2025-02-01 21:00,7.9296,0
"Depth","FS-Bottom","Depth-sensor",2025-02-01 20:00,1.7123,-6.46
"Bottom Salinity","FS-Bottom","Salinity-sensor",2025-02-01 20:00,29.8285,0
"Bottom Temp","FS-Bottom","Temperature-sensor",2025-02-01 20:00,10.6295,0
"Bottom DO","FS-Bottom","DO-sensor",2025-02-01 20:00,7.9934,0
"Depth","FS-Bottom","Depth-sensor",2025-02-01 19:00,1.6336,-6.46
"Bottom Salinity","FS-Bottom","Salinity-sensor",2025-02-01 19:00,23.0861,0
"Bottom Temp","FS-Bottom","Temperature-sensor",2025-02-01 19:00,10.2289,0
"Bottom DO","FS-Bottom","DO-sensor",2025-02-01 19:00,8.7224,0
"Depth","FS-Bottom","Depth-sensor",2025-02-01 18:00,1.8394,-6.46
"Bottom Salinity","FS-Bottom","Salinity-sensor",2025-02-01 18:00,29.7488,0
"Bottom Temp","FS-Bottom","Temperature-sensor",2025-02-01 18:00,10.6095,0
"Bottom DO","FS-Bottom","DO-sensor",2025-02-01 18:00,8.2698,0
"Depth","FS-Bottom","Depth-sensor",2025-02-01 17:00,2.1808,-6.46
"Bottom Salinity","FS-Bottom","Salinity-sensor",2025-02-01 17:00,31.2443,0
"Bottom Temp","FS-Bottom","Temperature-sensor",2025-02-01 17:00,10.7659,0
"Bottom DO","FS-Bottom","DO-sensor",2025-02-01 17:00,8.2155,0
"Depth","FS-Bottom","Depth-sensor",2025-02-01 16:00,2.6399,-6.46
"Bottom Salinity","FS-Bottom","Salinity-sensor",2025-02-01 16:00,32.3499,0
"Bottom Temp","FS-Bottom","Temperature-sensor",2025-02-01 16:00,10.8904,0
"Bottom DO","FS-Bottom","DO-sensor",2025-02-01 16:00,8.2451,0
"Depth","FS-Bottom","Depth-sensor",2025-02-01 15:00,3.0899,-6.46
"Bottom Salinity","FS-Bottom","Salinity-sensor",2025-02-01 15:00,32.76,0
"Bottom Temp","FS-Bottom","Temperature-sensor",2025-02-01 15:00,10.9376,0
"Bottom DO","FS-Bottom","DO-sensor",2025-02-01 15:00,8.5535,0
"Depth","FS-Bottom","Depth-sensor",2025-02-01 14:00,3.4081,-6.46
"Bottom Salinity","FS-Bottom","Salinity-sensor",2025-02-01 14:00,33.0616,0
"Bottom Temp","FS-Bottom","Temperature-sensor",2025-02-01 14:00,10.9597,0
"Bottom DO","FS-Bottom","DO-sensor",2025-02-01 14:00,8.4182,0
"Depth","FS-Bottom","Depth-sensor",2025-02-01 13:00,3.5396,-6.46
"Bottom Salinity","FS-Bottom","Salinity-sensor",2025-02-01 13:00,33.1268,0
"Bottom Temp","FS-Bottom","Temperature-sensor",2025-02-01 13:00,10.9655,0
"Bottom DO","FS-Bottom","DO-sensor",2025-02-01 13:00,8.423,0
"Depth","FS-Bottom","Depth-sensor",2025-02-01 12:00,3.5261,-6.46
"Bottom Salinity","FS-Bottom","Salinity-sensor",2025-02-01 12:00,33.0826,0
"Bottom Temp","FS-Bottom","Temperature-sensor",2025-02-01 12:00,10.9512,0
"Bottom DO","FS-Bottom","DO-sensor",2025-02-01 12:00,8.403,0
"Depth","FS-Bottom","Depth-sensor",2025-02-01 11:00,3.32,-6.46
"Bottom Salinity","FS-Bottom","Salinity-sensor",2025-02-01 11:00,32.994,0
"Bottom Temp","FS-Bottom","Temperature-sensor",2025-02-01 11:00,10.9249,0
"Bottom DO","FS-Bottom","DO-sensor",2025-02-01 11:00,8.363,0
"Depth","FS-Bottom","Depth-sensor",2025-02-01 10:00,2.9968,-6.46
"Bottom Salinity","FS-Bottom","Salinity-sensor",2025-02-01 10:00,33.1063,0
"Bottom Temp","FS-Bottom","Temperature-sensor",2025-02-01 10:00,10.9059,0
"Bottom DO","FS-Bottom","DO-sensor",2025-02-01 10:00,8.2044,0
"Depth","FS-Bottom","Depth-sensor",2025-02-01 09:00,2.6912,-6.46
"Bottom Salinity","FS-Bottom","Salinity-sensor",2025-02-01 09:00,32.8388,0
"Bottom Temp","FS-Bottom","Temperature-sensor",2025-02-01 09:00,10.8374,0
"Bottom DO","FS-Bottom","DO-sensor",2025-02-01 09:00,7.6216,0
"Depth","FS-Bottom","Depth-sensor",2025-02-01 08:00,2.4006,-6.46
"Bottom Salinity","FS-Bottom","Salinity-sensor",2025-02-01 08:00,32.5676,0
"Bottom Temp","FS-Bottom","Temperature-sensor",2025-02-01 08:00,10.796,0
"Bottom DO","FS-Bottom","DO-sensor",2025-02-01 08:00,7.5641,0
"Depth","FS-Bottom","Depth-sensor",2025-02-01 07:00,2.2743,-6.46
"Bottom Salinity","FS-Bottom","Salinity-sensor",2025-02-01 07:00,32.4865,0
"Bottom Temp","FS-Bottom","Temperature-sensor",2025-02-01 07:00,10.7926,0
"Bottom DO","FS-Bottom","DO-sensor",2025-02-01 07:00,7.5449,0
"Depth","FS-Bottom","Depth-sensor",2025-02-01 06:00,2.3519,-6.46
"Bottom Salinity","FS-Bottom","Salinity-sensor",2025-02-01 06:00,32.3316,0
"Bottom Temp","FS-Bottom","Temperature-sensor",2025-02-01 06:00,10.7775,0
"Bottom DO","FS-Bottom","DO-sensor",2025-02-01 06:00,7.6539,0
"Depth","FS-Bottom","Depth-sensor",2025-02-01 05:00,2.5588,-6.46
"Bottom Salinity","FS-Bottom","Salinity-sensor",2025-02-01 05:00,32.5717,0
"Bottom Temp","FS-Bottom","Temperature-sensor",2025-02-01 05:00,10.8067,0
"Bottom DO","FS-Bottom","DO-sensor",2025-02-01 05:00,7.7342,0
"Depth","FS-Bottom","Depth-sensor",2025-02-01 04:00,2.9076,-6.46
"Bottom Salinity","FS-Bottom","Salinity-sensor",2025-02-01 04:00,32.9773,0
"Bottom Temp","FS-Bottom","Temperature-sensor",2025-02-01 04:00,10.8467,0
"Bottom DO","FS-Bottom","DO-sensor",2025-02-01 04:00,7.7866,0
"Depth","FS-Bottom","Depth-sensor",2025-02-01 03:00,3.1964,-6.46
"Bottom Salinity","FS-Bottom","Salinity-sensor",2025-02-01 03:00,33.1878,0
"Bottom Temp","FS-Bottom","Temperature-sensor",2025-02-01 03:00,10.8725,0
"Bottom DO","FS-Bottom","DO-sensor",2025-02-01 03:00,7.7886,0
"Depth","FS-Bottom","Depth-sensor",2025-02-01 02:00,3.393,-6.46
"Bottom Salinity","FS-Bottom","Salinity-sensor",2025-02-01 02:00,33.3546,0
"Bottom Temp","FS-Bottom","Temperature-sensor",2025-02-01 02:00,10.8894,0
"Bottom DO","FS-Bottom","DO-sensor",2025-02-01 02:00,7.8856,0
"Depth","FS-Bottom","Depth-sensor",2025-02-01 01:00,3.4528,-6.46
"Bottom Salinity","FS-Bottom","Salinity-sensor",2025-02-01 01:00,33.3722,0
"Bottom Temp","FS-Bottom","Temperature-sensor",2025-02-01 01:00,10.8906,0
"Bottom DO","FS-Bottom","DO-sensor",2025-02-01 01:00,7.9265,0
"Depth","FS-Bottom","Depth-sensor",2025-02-01 00:00,3.2887,-6.46
"Bottom Salinity","FS-Bottom","Salinity-sensor",2025-02-01 00:00,33.3469,0
"Bottom Temp","FS-Bottom","Temperature-sensor",2025-02-01 00:00,10.8877,0
"Bottom DO","FS-Bottom","DO-sensor",2025-02-01 00:00,7.9799,0
"Depth","FS-Bottom","Depth-sensor",2025-01-31 23:00,2.9196,-6.46
"Bottom Salinity","FS-Bottom","Salinity-sensor",2025-01-31 23:00,33.2545,0
"Bottom Temp","FS-Bottom","Temperature-sensor",2025-01-31 23:00,10.8794,0
"Bottom DO","FS-Bottom","DO-sensor",2025-01-31 23:00,8.0227,0
"Depth","FS-Bottom","Depth-sensor",2025-01-31 22:00,2.4622,-6.46
"Bottom Salinity","FS-Bottom","Salinity-sensor",2025-01-31 22:00,32.6581,0
"Bottom Temp","FS-Bottom","Temperature-sensor",2025-01-31 22:00,10.8385,0
"Bottom DO","FS-Bottom","DO-sensor",2025-01-31 22:00,8.1535,0
"Depth","FS-Bottom","Depth-sensor",2025-01-31 21:00,2.0104,-6.46
"Bottom Salinity","FS-Bottom","Salinity-sensor",2025-01-31 21:00,32.1951,0
"Bottom Temp","FS-Bottom","Temperature-sensor",2025-01-31 21:00,10.7249,0
"Bottom DO","FS-Bottom","DO-sensor",2025-01-31 21:00,7.5885,0
"Depth","FS-Bottom","Depth-sensor",2025-01-31 20:00,1.5952,-6.46
"Bottom Salinity","FS-Bottom","Salinity-sensor",2025-01-31 20:00,31.7707,0
"Bottom Temp","FS-Bottom","Temperature-sensor",2025-01-31 20:00,10.6399,0
"Bottom DO","FS-Bottom","DO-sensor",2025-01-31 20:00,7.3331,0
"Depth","FS-Bottom","Depth-sensor",2025-01-31 19:00,1.4275,-6.46
"Bottom Salinity","FS-Bottom","Salinity-sensor",2025-01-31 19:00,24.8628,0
"Bottom Temp","FS-Bottom","Temperature-sensor",2025-01-31 19:00,9.9493,0
"Bottom DO","FS-Bottom","DO-sensor",2025-01-31 19:00,8.5707,0
"Depth","FS-Bottom","Depth-sensor",2025-01-31 18:00,1.4598,-6.46
"Bottom Salinity","FS-Bottom","Salinity-sensor",2025-01-31 18:00,28.4688,0
"Bottom Temp","FS-Bottom","Temperature-sensor",2025-01-31 18:00,10.3292,0
"Bottom DO","FS-Bottom","DO-sensor",2025-01-31 18:00,8.1703,0
"Depth","FS-Bottom","Depth-sensor",2025-01-31 17:00,1.7278,-6.46
"Bottom Salinity","FS-Bottom","Salinity-sensor",2025-01-31 17:00,26.6157,0
"Bottom Temp","FS-Bottom","Temperature-sensor",2025-01-31 17:00,10.1407,0
"Bottom DO","FS-Bottom","DO-sensor",2025-01-31 17:00,8.4795,0
"Depth","FS-Bottom","Depth-sensor",2025-01-31 16:00,2.2158,-6.46
"Bottom Salinity","FS-Bottom","Salinity-sensor",2025-01-31 16:00,32.6674,0
"Bottom Temp","FS-Bottom","Temperature-sensor",2025-01-31 16:00,10.767,0
"Bottom DO","FS-Bottom","DO-sensor",2025-01-31 16:00,7.5755,0
"Depth","FS-Bottom","Depth-sensor",2025-01-31 15:00,2.7232,-6.46
"Bottom Salinity","FS-Bottom","Salinity-sensor",2025-01-31 15:00,33.2654,0
"Bottom Temp","FS-Bottom","Temperature-sensor",2025-01-31 15:00,10.8651,0
"Bottom DO","FS-Bottom","DO-sensor",2025-01-31 15:00,7.6259,0
"Depth","FS-Bottom","Depth-sensor",2025-01-31 14:00,3.243,-6.46
"Bottom Salinity","FS-Bottom","Salinity-sensor",2025-01-31 14:00,33.5493,0
"Bottom Temp","FS-Bottom","Temperature-sensor",2025-01-31 14:00,10.9066,0
"Bottom DO","FS-Bottom","DO-sensor",2025-01-31 14:00,7.6239,0
"Depth","FS-Bottom","Depth-sensor",2025-01-31 13:00,3.5565,-6.46
"Bottom Salinity","FS-Bottom","Salinity-sensor",2025-01-31 13:00,33.7133,0
"Bottom Temp","FS-Bottom","Temperature-sensor",2025-01-31 13:00,10.9357,0
"Bottom DO","FS-Bottom","DO-sensor",2025-01-31 13:00,7.5129,0
"Depth","FS-Bottom","Depth-sensor",2025-01-31 12:00,3.7043,-6.46
"Bottom Salinity","FS-Bottom","Salinity-sensor",2025-01-31 12:00,33.7708,0
"Bottom Temp","FS-Bottom","Temperature-sensor",2025-01-31 12:00,10.9399,0
"Bottom DO","FS-Bottom","DO-sensor",2025-01-31 12:00,7.5349,0
"Depth","FS-Bottom","Depth-sensor",2025-01-31 11:00,3.6521,-6.46
"Bottom Salinity","FS-Bottom","Salinity-sensor",2025-01-31 11:00,33.7571,0
"Bottom Temp","FS-Bottom","Temperature-sensor",2025-01-31 11:00,10.9317,0
"Bottom DO","FS-Bottom","DO-sensor",2025-01-31 11:00,7.5025,0
"Depth","FS-Bottom","Depth-sensor",2025-01-31 10:00,3.4008,-6.46
"Bottom Salinity","FS-Bottom","Salinity-sensor",2025-01-31 10:00,33.8019,0
"Bottom Temp","FS-Bottom","Temperature-sensor",2025-01-31 10:00,10.9226,0
"Bottom DO","FS-Bottom","DO-sensor",2025-01-31 10:00,7.4721,0
"Depth","FS-Bottom","Depth-sensor",2025-01-31 09:00,3.0599,-6.46
"Bottom Salinity","FS-Bottom","Salinity-sensor",2025-01-31 09:00,33.776,0
"Bottom Temp","FS-Bottom","Temperature-sensor",2025-01-31 09:00,10.8974,0
"Bottom DO","FS-Bottom","DO-sensor",2025-01-31 09:00,7.4355,0
"Depth","FS-Bottom","Depth-sensor",2025-01-31 08:00,2.7303,-6.46
"Bottom Salinity","FS-Bottom","Salinity-sensor",2025-01-31 08:00,33.4532,0
"Bottom Temp","FS-Bottom","Temperature-sensor",2025-01-31 08:00,10.8198,0
"Bottom DO","FS-Bottom","DO-sensor",2025-01-31 08:00,7.3822,0
"Depth","FS-Bottom","Depth-sensor",2025-01-31 07:00,2.4776,-6.46
"Bottom Salinity","FS-Bottom","Salinity-sensor",2025-01-31 07:00,33.4617,0
"Bottom Temp","FS-Bottom","Temperature-sensor",2025-01-31 07:00,10.8135,0
"Bottom DO","FS-Bottom","DO-sensor",2025-01-31 07:00,7.3657,0
"Depth","FS-Bottom","Depth-sensor",2025-01-31 06:00,2.3591,-6.46
"Bottom Salinity","FS-Bottom","Salinity-sensor",2025-01-31 06:00,33.2272,0
"Bottom Temp","FS-Bottom","Temperature-sensor",2025-01-31 06:00,10.7757,0
"Bottom DO","FS-Bottom","DO-sensor",2025-01-31 06:00,7.48,0
"Depth","FS-Bottom","Depth-sensor",2025-01-31 05:00,2.448,-6.46
"Bottom Salinity","FS-Bottom","Salinity-sensor",2025-01-31 05:00,32.9208,0
"Bottom Temp","FS-Bottom","Temperature-sensor",2025-01-31 05:00,10.7275,0
"Bottom DO","FS-Bottom","DO-sensor",2025-01-31 05:00,7.4874,0
"Depth","FS-Bottom","Depth-sensor",2025-01-31 04:00,2.6514,-6.46
"Bottom Salinity","FS-Bottom","Salinity-sensor",2025-01-31 04:00,33.1701,0
"Bottom Temp","FS-Bottom","Temperature-sensor",2025-01-31 04:00,10.7623,0
"Bottom DO","FS-Bottom","DO-sensor",2025-01-31 04:00,7.4674,0
"Depth","FS-Bottom","Depth-sensor",2025-01-31 03:00,2.914,-6.46
"Bottom Salinity","FS-Bottom","Salinity-sensor",2025-01-31 03:00,33.3073,0
"Bottom Temp","FS-Bottom","Temperature-sensor",2025-01-31 03:00,10.7833,0
"Bottom DO","FS-Bottom","DO-sensor",2025-01-31 03:00,7.5348,0
"Depth","FS-Bottom","Depth-sensor",2025-01-31 02:00,3.1749,-6.46
"Bottom Salinity","FS-Bottom","Salinity-sensor",2025-01-31 02:00,33.644,0
"Bottom Temp","FS-Bottom","Temperature-sensor",2025-01-31 02:00,10.8499,0
"Bottom DO","FS-Bottom","DO-sensor",2025-01-31 02:00,7.5836,0
"Depth","FS-Bottom","Depth-sensor",2025-01-31 01:00,3.2907,-6.46
"Bottom Salinity","FS-Bottom","Salinity-sensor",2025-01-31 01:00,33.6436,0
"Bottom Temp","FS-Bottom","Temperature-sensor",2025-01-31 01:00,10.8492,0
"Bottom DO","FS-Bottom","DO-sensor",2025-01-31 01:00,7.5742,0
"Depth","FS-Bottom","Depth-sensor",2025-01-31 00:00,3.2489,-6.46
"Bottom Salinity","FS-Bottom","Salinity-sensor",2025-01-31 00:00,33.6787,0
"Bottom Temp","FS-Bottom","Temperature-sensor",2025-01-31 00:00,10.8581,0
"Bottom DO","FS-Bottom","DO-sensor",2025-01-31 00:00,7.6445,0
"Depth","FS-Bottom","Depth-sensor",2025-01-30 23:00,2.9863,-6.46
"Bottom Salinity","FS-Bottom","Salinity-sensor",2025-01-30 23:00,33.5811,0
"Bottom Temp","FS-Bottom","Temperature-sensor",2025-01-30 23:00,10.8226,0
"Bottom DO","FS-Bottom","DO-sensor",2025-01-30 23:00,7.7218,0
"Depth","FS-Bottom","Depth-sensor",2025-01-30 22:00,2.5679,-6.46
"Bottom Salinity","FS-Bottom","Salinity-sensor",2025-01-30 22:00,33.2865,0
"Bottom Temp","FS-Bottom","Temperature-sensor",2025-01-30 22:00,10.7854,0
"Bottom DO","FS-Bottom","DO-sensor",2025-01-30 22:00,7.8196,0
"Depth","FS-Bottom","Depth-sensor",2025-01-30 21:00,2.0991,-6.46
"Bottom Salinity","FS-Bottom","Salinity-sensor",2025-01-30 21:00,32.7167,0
"Bottom Temp","FS-Bottom","Temperature-sensor",2025-01-30 21:00,10.7185,0
"Bottom DO","FS-Bottom","DO-sensor",2025-01-30 21:00,8.0654,0
"Depth","FS-Bottom","Depth-sensor",2025-01-30 20:00,1.6349,-6.46
"Bottom Salinity","FS-Bottom","Salinity-sensor",2025-01-30 20:00,30.4871,0
"Bottom Temp","FS-Bottom","Temperature-sensor",2025-01-30 20:00,10.4099,0
"Bottom DO","FS-Bottom","DO-sensor",2025-01-30 20:00,7.8716,0
"Depth","FS-Bottom","Depth-sensor",2025-01-30 19:00,1.3328,-6.46
"Bottom Salinity","FS-Bottom","Salinity-sensor",2025-01-30 19:00,26.495,0
"Bottom Temp","FS-Bottom","Temperature-sensor",2025-01-30 19:00,10.0427,0
"Bottom DO","FS-Bottom","DO-sensor",2025-01-30 19:00,8.4526,0
"Depth","FS-Bottom","Depth-sensor",2025-01-30 18:00,1.2574,-6.46
"Bottom Salinity","FS-Bottom","Salinity-sensor",2025-01-30 18:00,20.494,0
"Bottom Temp","FS-Bottom","Temperature-sensor",2025-01-30 18:00,9.5371,0
"Bottom DO","FS-Bottom","DO-sensor",2025-01-30 18:00,9.3094,0
"Depth","FS-Bottom","Depth-sensor",2025-01-30 17:00,1.4007,-6.46
"Bottom Salinity","FS-Bottom","Salinity-sensor",2025-01-30 17:00,27.2547,0
"Bottom Temp","FS-Bottom","Temperature-sensor",2025-01-30 17:00,9.9909,0
"Bottom DO","FS-Bottom","DO-sensor",2025-01-30 17:00,9.0339,0
"Depth","FS-Bottom","Depth-sensor",2025-01-30 16:00,1.7676,-6.46
"Bottom Salinity","FS-Bottom","Salinity-sensor",2025-01-30 16:00,26.0397,0
"Bottom Temp","FS-Bottom","Temperature-sensor",2025-01-30 16:00,9.9572,0
"Bottom DO","FS-Bottom","DO-sensor",2025-01-30 16:00,8.9325,0
"Depth","FS-Bottom","Depth-sensor",2025-01-30 15:00,2.2576,-6.46
"Bottom Salinity","FS-Bottom","Salinity-sensor",2025-01-30 15:00,32.34,0
"Bottom Temp","FS-Bottom","Temperature-sensor",2025-01-30 15:00,10.6031,0
"Bottom DO","FS-Bottom","DO-sensor",2025-01-30 15:00,7.8936,0
"Depth","FS-Bottom","Depth-sensor",2025-01-30 14:00,2.8194,-6.46
"Bottom Salinity","FS-Bottom","Salinity-sensor",2025-01-30 14:00,33.144,0
"Bottom Temp","FS-Bottom","Temperature-sensor",2025-01-30 14:00,10.6907,0
"Bottom DO","FS-Bottom","DO-sensor",2025-01-30 14:00,7.9977,0
"Depth","FS-Bottom","Depth-sensor",2025-01-30 13:00,3.2888,-6.46
"Bottom Salinity","FS-Bottom","Salinity-sensor",2025-01-30 13:00,33.404,0
"Bottom Temp","FS-Bottom","Temperature-sensor",2025-01-30 13:00,10.6946,0
"Bottom DO","FS-Bottom","DO-sensor",2025-01-30 13:00,7.8241,0
"Depth","FS-Bottom","Depth-sensor",2025-01-30 12:00,3.5908,-6.46
"Bottom Salinity","FS-Bottom","Salinity-sensor",2025-01-30 12:00,33.6378,0
"Bottom Temp","FS-Bottom","Temperature-sensor",2025-01-30 12:00,10.6845,0
"Bottom DO","FS-Bottom","DO-sensor",2025-01-30 12:00,7.4576,0
"Depth","FS-Bottom","Depth-sensor",2025-01-30 11:00,3.7271,-6.46
"Bottom Salinity","FS-Bottom","Salinity-sensor",2025-01-30 11:00,33.6756,0
"Bottom Temp","FS-Bottom","Temperature-sensor",2025-01-30 11:00,10.6694,0
"Bottom DO","FS-Bottom","DO-sensor",2025-01-30 11:00,7.2847,0
"Depth","FS-Bottom","Depth-sensor",2025-01-30 10:00,3.6278,-6.46
"Bottom Salinity","FS-Bottom","Salinity-sensor",2025-01-30 10:00,33.7474,0
"Bottom Temp","FS-Bottom","Temperature-sensor",2025-01-30 10:00,10.6635,0
"Bottom DO","FS-Bottom","DO-sensor",2025-01-30 10:00,7.2287,0
"Depth","FS-Bottom","Depth-sensor",2025-01-30 09:00,3.3618,-6.46
"Bottom Salinity","FS-Bottom","Salinity-sensor",2025-01-30 09:00,33.6647,0
"Bottom Temp","FS-Bottom","Temperature-sensor",2025-01-30 09:00,10.6589,0
"Bottom DO","FS-Bottom","DO-sensor",2025-01-30 09:00,7.2649,0
"Depth","FS-Bottom","Depth-sensor",2025-01-30 08:00,3.0492,-6.46
"Bottom Salinity","FS-Bottom","Salinity-sensor",2025-01-30 08:00,33.4641,0
"Bottom Temp","FS-Bottom","Temperature-sensor",2025-01-30 08:00,10.6247,0
"Bottom DO","FS-Bottom","DO-sensor",2025-01-30 08:00,7.3061,0
"Depth","FS-Bottom","Depth-sensor",2025-01-30 07:00,2.726,-6.46
"Bottom Salinity","FS-Bottom","Salinity-sensor",2025-01-30 07:00,33.3908,0
"Bottom Temp","FS-Bottom","Temperature-sensor",2025-01-30 07:00,10.6313,0
"Bottom DO","FS-Bottom","DO-sensor",2025-01-30 07:00,7.1383,0
"Depth","FS-Bottom","Depth-sensor",2025-01-30 06:00,2.4932,-6.46
"Bottom Salinity","FS-Bottom","Salinity-sensor",2025-01-30 06:00,32.7121,0
"Bottom Temp","FS-Bottom","Temperature-sensor",2025-01-30 06:00,10.5395,0
"Bottom DO","FS-Bottom","DO-sensor",2025-01-30 06:00,7.2903,0
"Depth","FS-Bottom","Depth-sensor",2025-01-30 05:00,2.4294,-6.46
"Bottom Salinity","FS-Bottom","Salinity-sensor",2025-01-30 05:00,32.9293,0
"Bottom Temp","FS-Bottom","Temperature-sensor",2025-01-30 05:00,10.573,0
"Bottom DO","FS-Bottom","DO-sensor",2025-01-30 05:00,7.1809,0
"Depth","FS-Bottom","Depth-sensor",2025-01-30 04:00,2.5034,-6.46
"Bottom Salinity","FS-Bottom","Salinity-sensor",2025-01-30 04:00,32.9222,0
"Bottom Temp","FS-Bottom","Temperature-sensor",2025-01-30 04:00,10.5644,0
"Bottom DO","FS-Bottom","DO-sensor",2025-01-30 04:00,7.2404,0
"Depth","FS-Bottom","Depth-sensor",2025-01-30 03:00,2.7197,-6.46
"Bottom Salinity","FS-Bottom","Salinity-sensor",2025-01-30 03:00,32.7341,0
"Bottom Temp","FS-Bottom","Temperature-sensor",2025-01-30 03:00,10.5531,0
"Bottom DO","FS-Bottom","DO-sensor",2025-01-30 03:00,7.38,0
"Depth","FS-Bottom","Depth-sensor",2025-01-30 02:00,2.9575,-6.46
"Bottom Salinity","FS-Bottom","Salinity-sensor",2025-01-30 02:00,33.4062,0
"Bottom Temp","FS-Bottom","Temperature-sensor",2025-01-30 02:00,10.6343,0
"Bottom DO","FS-Bottom","DO-sensor",2025-01-30 02:00,7.3322,0
"Depth","FS-Bottom","Depth-sensor",2025-01-30 01:00,3.1321,-6.46
"Bottom Salinity","FS-Bottom","Salinity-sensor",2025-01-30 01:00,33.4422,0
"Bottom Temp","FS-Bottom","Temperature-sensor",2025-01-30 01:00,10.6384,0
"Bottom DO","FS-Bottom","DO-sensor",2025-01-30 01:00,7.3063,0
"Depth","FS-Bottom","Depth-sensor",2025-01-30 00:00,3.2019,-6.46
"Bottom Salinity","FS-Bottom","Salinity-sensor",2025-01-30 00:00,33.5479,0
"Bottom Temp","FS-Bottom","Temperature-sensor",2025-01-30 00:00,10.647,0
"Bottom DO","FS-Bottom","DO-sensor",2025-01-30 00:00,7.3031,0
"Depth","FS-Bottom","Depth-sensor",2025-01-29 23:00,3.0293,-6.46
"Bottom Salinity","FS-Bottom","Salinity-sensor",2025-01-29 23:00,33.5152,0
"Bottom Temp","FS-Bottom","Temperature-sensor",2025-01-29 23:00,10.6469,0
"Bottom DO","FS-Bottom","DO-sensor",2025-01-29 23:00,7.4646,0
"Depth","FS-Bottom","Depth-sensor",2025-01-29 22:00,2.746,-6.46
"Bottom Salinity","FS-Bottom","Salinity-sensor",2025-01-29 22:00,33.3199,0
"Bottom Temp","FS-Bottom","Temperature-sensor",2025-01-29 22:00,10.6223,0
"Bottom DO","FS-Bottom","DO-sensor",2025-01-29 22:00,7.5607,0
"Depth","FS-Bottom","Depth-sensor",2025-01-29 21:00,2.2948,-6.46
"Bottom Salinity","FS-Bottom","Salinity-sensor",2025-01-29 21:00,32.7698,0
"Bottom Temp","FS-Bottom","Temperature-sensor",2025-01-29 21:00,10.6005,0
"Bottom DO","FS-Bottom","DO-sensor",2025-01-29 21:00,7.6787,0
"Depth","FS-Bottom","Depth-sensor",2025-01-29 20:00,1.8462,-6.46
"Bottom Salinity","FS-Bottom","Salinity-sensor",2025-01-29 20:00,31.624,0
"Bottom Temp","FS-Bottom","Temperature-sensor",2025-01-29 20:00,10.4651,0
"Bottom DO","FS-Bottom","DO-sensor",2025-01-29 20:00,7.6567,0
"Depth","FS-Bottom","Depth-sensor",2025-01-29 19:00,1.4491,-6.46
"Bottom Salinity","FS-Bottom","Salinity-sensor",2025-01-29 19:00,30.7284,0
"Bottom Temp","FS-Bottom","Temperature-sensor",2025-01-29 19:00,10.2434,0
"Bottom DO","FS-Bottom","DO-sensor",2025-01-29 19:00,7.8502,0
"Depth","FS-Bottom","Depth-sensor",2025-01-29 18:00,1.2331,-6.46
"Bottom Salinity","FS-Bottom","Salinity-sensor",2025-01-29 18:00,27.9247,0
"Bottom Temp","FS-Bottom","Temperature-sensor",2025-01-29 18:00,9.9135,0
"Bottom DO","FS-Bottom","DO-sensor",2025-01-29 18:00,8.5346,0
"Depth","FS-Bottom","Depth-sensor",2025-01-29 17:00,1.2603,-6.46
"Bottom Salinity","FS-Bottom","Salinity-sensor",2025-01-29 17:00,23.7019,0
"Bottom Temp","FS-Bottom","Temperature-sensor",2025-01-29 17:00,9.5406,0
"Bottom DO","FS-Bottom","DO-sensor",2025-01-29 17:00,9.4225,0
"Depth","FS-Bottom","Depth-sensor",2025-01-29 16:00,1.4919,-6.46
"Bottom Salinity","FS-Bottom","Salinity-sensor",2025-01-29 16:00,26.4015,0
"Bottom Temp","FS-Bottom","Temperature-sensor",2025-01-29 16:00,9.8071,0
"Bottom DO","FS-Bottom","DO-sensor",2025-01-29 16:00,9.1853,0
"Depth","FS-Bottom","Depth-sensor",2025-01-29 15:00,1.914,-6.46
"Bottom Salinity","FS-Bottom","Salinity-sensor",2025-01-29 15:00,30.6925,0
"Bottom Temp","FS-Bottom","Temperature-sensor",2025-01-29 15:00,10.3094,0
"Bottom DO","FS-Bottom","DO-sensor",2025-01-29 15:00,8.022,0
"Depth","FS-Bottom","Depth-sensor",2025-01-29 14:00,2.473,-6.46
"Bottom Salinity","FS-Bottom","Salinity-sensor",2025-01-29 14:00,32.7124,0
"Bottom Temp","FS-Bottom","Temperature-sensor",2025-01-29 14:00,10.5482,0
"Bottom DO","FS-Bottom","DO-sensor",2025-01-29 14:00,7.6156,0
"Depth","FS-Bottom","Depth-sensor",2025-01-29 13:00,3.0024,-6.46
"Bottom Salinity","FS-Bottom","Salinity-sensor",2025-01-29 13:00,33.0973,0
"Bottom Temp","FS-Bottom","Temperature-sensor",2025-01-29 13:00,10.6037,0
"Bottom DO","FS-Bottom","DO-sensor",2025-01-29 13:00,7.8812,0
"Depth","FS-Bottom","Depth-sensor",2025-01-29 12:00,3.4364,-6.46
"Bottom Salinity","FS-Bottom","Salinity-sensor",2025-01-29 12:00,33.2795,0
"Bottom Temp","FS-Bottom","Temperature-sensor",2025-01-29 12:00,10.6018,0
"Bottom DO","FS-Bottom","DO-sensor",2025-01-29 12:00,7.3745,0
"Depth","FS-Bottom","Depth-sensor",2025-01-29 11:00,3.7,-6.46
"Bottom Salinity","FS-Bottom","Salinity-sensor",2025-01-29 11:00,33.4019,0
"Bottom Temp","FS-Bottom","Temperature-sensor",2025-01-29 11:00,10.606,0
"Bottom DO","FS-Bottom","DO-sensor",2025-01-29 11:00,7.2562,0
"Depth","FS-Bottom","Depth-sensor",2025-01-29 10:00,3.7554,-6.46
"Bottom Salinity","FS-Bottom","Salinity-sensor",2025-01-29 10:00,33.4727,0
"Bottom Temp","FS-Bottom","Temperature-sensor",2025-01-29 10:00,10.6052,0
"Bottom DO","FS-Bottom","DO-sensor",2025-01-29 10:00,7.2499,0
"Depth","FS-Bottom","Depth-sensor",2025-01-29 09:00,3.6448,-6.46
"Bottom Salinity","FS-Bottom","Salinity-sensor",2025-01-29 09:00,33.5187,0
"Bottom Temp","FS-Bottom","Temperature-sensor",2025-01-29 09:00,10.6081,0
"Bottom DO","FS-Bottom","DO-sensor",2025-01-29 09:00,7.25,0
"Depth","FS-Bottom","Depth-sensor",2025-01-29 08:00,3.3459,-6.46
"Bottom Salinity","FS-Bottom","Salinity-sensor",2025-01-29 08:00,33.5236,0
"Bottom Temp","FS-Bottom","Temperature-sensor",2025-01-29 08:00,10.6067,0
"Bottom DO","FS-Bottom","DO-sensor",2025-01-29 08:00,7.2367,0
"Depth","FS-Bottom","Depth-sensor",2025-01-29 07:00,3.0095,-6.46
"Bottom Salinity","FS-Bottom","Salinity-sensor",2025-01-29 07:00,33.1875,0
"Bottom Temp","FS-Bottom","Temperature-sensor",2025-01-29 07:00,10.5443,0
"Bottom DO","FS-Bottom","DO-sensor",2025-01-29 07:00,7.1099,0
"Depth","FS-Bottom","Depth-sensor",2025-01-29 06:00,2.7636,-6.46
"Bottom Salinity","FS-Bottom","Salinity-sensor",2025-01-29 06:00,33.1789,0
"Bottom Temp","FS-Bottom","Temperature-sensor",2025-01-29 06:00,10.5436,0
"Bottom DO","FS-Bottom","DO-sensor",2025-01-29 06:00,7.1087,0
"Depth","FS-Bottom","Depth-sensor",2025-01-29 05:00,2.6125,-6.46
"Bottom Salinity","FS-Bottom","Salinity-sensor",2025-01-29 05:00,32.6578,0
"Bottom Temp","FS-Bottom","Temperature-sensor",2025-01-29 05:00,10.5277,0
"Bottom DO","FS-Bottom","DO-sensor",2025-01-29 05:00,7.0922,0
"Depth","FS-Bottom","Depth-sensor",2025-01-29 04:00,2.5782,-6.46
"Bottom Salinity","FS-Bottom","Salinity-sensor",2025-01-29 04:00,32.7823,0
"Bottom Temp","FS-Bottom","Temperature-sensor",2025-01-29 04:00,10.5328,0
"Bottom DO","FS-Bottom","DO-sensor",2025-01-29 04:00,7.0654,0
"Depth","FS-Bottom","Depth-sensor",2025-01-29 03:00,2.6972,-6.46
"Bottom Salinity","FS-Bottom","Salinity-sensor",2025-01-29 03:00,32.9466,0
"Bottom Temp","FS-Bottom","Temperature-sensor",2025-01-29 03:00,10.5441,0
"Bottom DO","FS-Bottom","DO-sensor",2025-01-29 03:00,7.3337,0
"Depth","FS-Bottom","Depth-sensor",2025-01-29 02:00,2.8627,-6.46
"Bottom Salinity","FS-Bottom","Salinity-sensor",2025-01-29 02:00,33.0012,0
"Bottom Temp","FS-Bottom","Temperature-sensor",2025-01-29 02:00,10.536,0
"Bottom DO","FS-Bottom","DO-sensor",2025-01-29 02:00,7.3366,0
"Depth","FS-Bottom","Depth-sensor",2025-01-29 01:00,3.0525,-6.46
"Bottom Salinity","FS-Bottom","Salinity-sensor",2025-01-29 01:00,32.9893,0
"Bottom Temp","FS-Bottom","Temperature-sensor",2025-01-29 01:00,10.5261,0
"Bottom DO","FS-Bottom","DO-sensor",2025-01-29 01:00,7.2087,0
"Depth","FS-Bottom","Depth-sensor",2025-01-29 00:00,3.1512,-6.46
"Bottom Salinity","FS-Bottom","Salinity-sensor",2025-01-29 00:00,33.2642,0
"Bottom Temp","FS-Bottom","Temperature-sensor",2025-01-29 00:00,10.5281,0
"Bottom DO","FS-Bottom","DO-sensor",2025-01-29 00:00,7.3048,0
"Depth","FS-Bottom","Depth-sensor",2025-01-28 23:00,3.0971,-6.46
"Bottom Salinity","FS-Bottom","Salinity-sensor",2025-01-28 23:00,33.2259,0
"Bottom Temp","FS-Bottom","Temperature-sensor",2025-01-28 23:00,10.5124,0
"Bottom DO","FS-Bottom","DO-sensor",2025-01-28 23:00,7.4237,0
"Depth","FS-Bottom","Depth-sensor",2025-01-28 22:00,2.908,-6.46
"Bottom Salinity","FS-Bottom","Salinity-sensor",2025-01-28 22:00,33.2148,0
"Bottom Temp","FS-Bottom","Temperature-sensor",2025-01-28 22:00,10.5282,0
"Bottom DO","FS-Bottom","DO-sensor",2025-01-28 22:00,7.4773,0
"Depth","FS-Bottom","Depth-sensor",2025-01-28 21:00,2.5668,-6.46
"Bottom Salinity","FS-Bottom","Salinity-sensor",2025-01-28 21:00,33.3508,0
"Bottom Temp","FS-Bottom","Temperature-sensor",2025-01-28 21:00,10.5776,0
"Bottom DO","FS-Bottom","DO-sensor",2025-01-28 21:00,7.419,0
"Depth","FS-Bottom","Depth-sensor",2025-01-28 20:00,2.1442,-6.46
"Bottom Salinity","FS-Bottom","Salinity-sensor",2025-01-28 20:00,32.5975,0
"Bottom Temp","FS-Bottom","Temperature-sensor",2025-01-28 20:00,10.5399,0
"Bottom DO","FS-Bottom","DO-sensor",2025-01-28 20:00,7.7808,0
"Depth","FS-Bottom","Depth-sensor",2025-01-28 19:00,1.7163,-6.46
"Bottom Salinity","FS-Bottom","Salinity-sensor",2025-01-28 19:00,32.009,0
"Bottom Temp","FS-Bottom","Temperature-sensor",2025-01-28 19:00,10.5034,0
"Bottom DO","FS-Bottom","DO-sensor",2025-01-28 19:00,7.8901,0
"Depth","FS-Bottom","Depth-sensor",2025-01-28 18:00,1.4333,-6.46
"Bottom Salinity","FS-Bottom","Salinity-sensor",2025-01-28 18:00,29.4283,0
"Bottom Temp","FS-Bottom","Temperature-sensor",2025-01-28 18:00,10.0946,0
"Bottom DO","FS-Bottom","DO-sensor",2025-01-28 18:00,8.5887,0
"Depth","FS-Bottom","Depth-sensor",2025-01-28 17:00,1.2958,-6.46
"Bottom Salinity","FS-Bottom","Salinity-sensor",2025-01-28 17:00,21.3812,0
"Bottom Temp","FS-Bottom","Temperature-sensor",2025-01-28 17:00,9.0475,0
"Bottom DO","FS-Bottom","DO-sensor",2025-01-28 17:00,10.4765,0
"Depth","FS-Bottom","Depth-sensor",2025-01-28 16:00,1.4027,-6.46
"Bottom Salinity","FS-Bottom","Salinity-sensor",2025-01-28 16:00,20.4405,0
"Bottom Temp","FS-Bottom","Temperature-sensor",2025-01-28 16:00,9.0345,0
"Bottom DO","FS-Bottom","DO-sensor",2025-01-28 16:00,10.3681,0
"Depth","FS-Bottom","Depth-sensor",2025-01-28 15:00,1.6946,-6.46
"Bottom Salinity","FS-Bottom","Salinity-sensor",2025-01-28 15:00,26.42,0
"Bottom Temp","FS-Bottom","Temperature-sensor",2025-01-28 15:00,9.7479,0
"Bottom DO","FS-Bottom","DO-sensor",2025-01-28 15:00,9.7308,0
"Depth","FS-Bottom","Depth-sensor",2025-01-28 14:00,2.1359,-6.46
"Bottom Salinity","FS-Bottom","Salinity-sensor",2025-01-28 14:00,32.4373,0
"Bottom Temp","FS-Bottom","Temperature-sensor",2025-01-28 14:00,10.5597,0
"Bottom DO","FS-Bottom","DO-sensor",2025-01-28 14:00,8.0264,0
"Depth","FS-Bottom","Depth-sensor",2025-01-28 13:00,2.6905,-6.46
"Bottom Salinity","FS-Bottom","Salinity-sensor",2025-01-28 13:00,33.1749,0
"Bottom Temp","FS-Bottom","Temperature-sensor",2025-01-28 13:00,10.616,0
"Bottom DO","FS-Bottom","DO-sensor",2025-01-28 13:00,7.9107,0
"Depth","FS-Bottom","Depth-sensor",2025-01-28 12:00,3.1641,-6.46
"Bottom Salinity","FS-Bottom","Salinity-sensor",2025-01-28 12:00,33.4932,0
"Bottom Temp","FS-Bottom","Temperature-sensor",2025-01-28 12:00,10.6218,0
"Bottom DO","FS-Bottom","DO-sensor",2025-01-28 12:00,7.9643,0
"Depth","FS-Bottom","Depth-sensor",2025-01-28 11:00,3.5291,-6.46
"Bottom Salinity","FS-Bottom","Salinity-sensor",2025-01-28 11:00,33.6897,0
"Bottom Temp","FS-Bottom","Temperature-sensor",2025-01-28 11:00,10.5657,0
"Bottom DO","FS-Bottom","DO-sensor",2025-01-28 11:00,7.3895,0
"Depth","FS-Bottom","Depth-sensor",2025-01-28 10:00,3.7222,-6.46
"Bottom Salinity","FS-Bottom","Salinity-sensor",2025-01-28 10:00,33.8247,0
"Bottom Temp","FS-Bottom","Temperature-sensor",2025-01-28 10:00,10.4884,0
"Bottom DO","FS-Bottom","DO-sensor",2025-01-28 10:00,7.0577,0
"Depth","FS-Bottom","Depth-sensor",2025-01-28 09:00,3.7459,-6.46
"Bottom Salinity","FS-Bottom","Salinity-sensor",2025-01-28 09:00,33.8394,0
"Bottom Temp","FS-Bottom","Temperature-sensor",2025-01-28 09:00,10.4771,0
"Bottom DO","FS-Bottom","DO-sensor",2025-01-28 09:00,6.9796,0
"Depth","FS-Bottom","Depth-sensor",2025-01-28 08:00,3.5833,-6.46
"Bottom Salinity","FS-Bottom","Salinity-sensor",2025-01-28 08:00,33.797,0
"Bottom Temp","FS-Bottom","Temperature-sensor",2025-01-28 08:00,10.4959,0
"Bottom DO","FS-Bottom","DO-sensor",2025-01-28 08:00,7.016,0
"Depth","FS-Bottom","Depth-sensor",2025-01-28 07:00,3.3226,-6.46
"Bottom Salinity","FS-Bottom","Salinity-sensor",2025-01-28 07:00,33.8525,0
"Bottom Temp","FS-Bottom","Temperature-sensor",2025-01-28 07:00,10.5599,0
"Bottom DO","FS-Bottom","DO-sensor",2025-01-28 07:00,7.2252,0
"Depth","FS-Bottom","Depth-sensor",2025-01-28 06:00,3.044,-6.46
"Bottom Salinity","FS-Bottom","Salinity-sensor",2025-01-28 06:00,33.4641,0
"Bottom Temp","FS-Bottom","Temperature-sensor",2025-01-28 06:00,10.5959,0
"Bottom DO","FS-Bottom","DO-sensor",2025-01-28 06:00,7.3966,0
"Depth","FS-Bottom","Depth-sensor",2025-01-28 05:00,2.8137,-6.46
"Bottom Salinity","FS-Bottom","Salinity-sensor",2025-01-28 05:00,33.0119,0
"Bottom Temp","FS-Bottom","Temperature-sensor",2025-01-28 05:00,10.5651,0
"Bottom DO","FS-Bottom","DO-sensor",2025-01-28 05:00,7.4837,0
"Depth","FS-Bottom","Depth-sensor",2025-01-28 04:00,2.6838,-6.46
"Bottom Salinity","FS-Bottom","Salinity-sensor",2025-01-28 04:00,33.1009,0
"Bottom Temp","FS-Bottom","Temperature-sensor",2025-01-28 04:00,10.5594,0
"Bottom DO","FS-Bottom","DO-sensor",2025-01-28 04:00,7.4704,0
"Depth","FS-Bottom","Depth-sensor",2025-01-28 03:00,2.6871,-6.46
"Bottom Salinity","FS-Bottom","Salinity-sensor",2025-01-28 03:00,32.9807,0
"Bottom Temp","FS-Bottom","Temperature-sensor",2025-01-28 03:00,10.5617,0
"Bottom DO","FS-Bottom","DO-sensor",2025-01-28 03:00,7.4068,0
"Depth","FS-Bottom","Depth-sensor",2025-01-28 02:00,2.7732,-6.46
"Bottom Salinity","FS-Bottom","Salinity-sensor",2025-01-28 02:00,33.0604,0
"Bottom Temp","FS-Bottom","Temperature-sensor",2025-01-28 02:00,10.5688,0
"Bottom DO","FS-Bottom","DO-sensor",2025-01-28 02:00,7.6571,0
"Depth","FS-Bottom","Depth-sensor",2025-01-28 01:00,2.9254,-6.46
"Bottom Salinity","FS-Bottom","Salinity-sensor",2025-01-28 01:00,33.1605,0
"Bottom Temp","FS-Bottom","Temperature-sensor",2025-01-28 01:00,10.5739,0
"Bottom DO","FS-Bottom","DO-sensor",2025-01-28 01:00,7.6374,0
"Depth","FS-Bottom","Depth-sensor",2025-01-28 00:00,3.0418,-6.46
"Bottom Salinity","FS-Bottom","Salinity-sensor",2025-01-28 00:00,33.1815,0
"Bottom Temp","FS-Bottom","Temperature-sensor",2025-01-28 00:00,10.5711,0
"Bottom DO","FS-Bottom","DO-sensor",2025-01-28 00:00,7.4762,0
"Depth","FS-Bottom","Depth-sensor",2025-01-27 23:00,3.0853,-6.46
"Bottom Salinity","FS-Bottom","Salinity-sensor",2025-01-27 23:00,33.2573,0
"Bottom Temp","FS-Bottom","Temperature-sensor",2025-01-27 23:00,10.5783,0
"Bottom DO","FS-Bottom","DO-sensor",2025-01-27 23:00,7.5716,0
"Depth","FS-Bottom","Depth-sensor",2025-01-27 22:00,2.9755,-6.46
"Bottom Salinity","FS-Bottom","Salinity-sensor",2025-01-27 22:00,33.2961,0
"Bottom Temp","FS-Bottom","Temperature-sensor",2025-01-27 22:00,10.5829,0
"Bottom DO","FS-Bottom","DO-sensor",2025-01-27 22:00,7.6346,0
"Depth","FS-Bottom","Depth-sensor",2025-01-27 21:00,2.725,-6.46
"Bottom Salinity","FS-Bottom","Salinity-sensor",2025-01-27 21:00,33.0612,0
"Bottom Temp","FS-Bottom","Temperature-sensor",2025-01-27 21:00,10.5582,0
"Bottom DO","FS-Bottom","DO-sensor",2025-01-27 21:00,7.9966,0
"Depth","FS-Bottom","Depth-sensor",2025-01-27 20:00,2.3784,-6.46
"Bottom Salinity","FS-Bottom","Salinity-sensor",2025-01-27 20:00,32.9092,0
"Bottom Temp","FS-Bottom","Temperature-sensor",2025-01-27 20:00,10.5786,0
"Bottom DO","FS-Bottom","DO-sensor",2025-01-27 20:00,8.2571,0
"Depth","FS-Bottom","Depth-sensor",2025-01-27 19:00,1.9774,-6.46
"Bottom Salinity","FS-Bottom","Salinity-sensor",2025-01-27 19:00,32.3998,0
"Bottom Temp","FS-Bottom","Temperature-sensor",2025-01-27 19:00,10.541,0
"Bottom DO","FS-Bottom","DO-sensor",2025-01-27 19:00,8.294,0
"Depth","FS-Bottom","Depth-sensor",2025-01-27 18:00,1.6448,-6.46
"Bottom Salinity","FS-Bottom","Salinity-sensor",2025-01-27 18:00,31.8842,0
"Bottom Temp","FS-Bottom","Temperature-sensor",2025-01-27 18:00,10.4564,0
"Bottom DO","FS-Bottom","DO-sensor",2025-01-27 18:00,8.3348,0
"Depth","FS-Bottom","Depth-sensor",2025-01-27 17:00,1.3948,-6.46
"Bottom Salinity","FS-Bottom","Salinity-sensor",2025-01-27 17:00,26.3602,0
"Bottom Temp","FS-Bottom","Temperature-sensor",2025-01-27 17:00,9.8607,0
"Bottom DO","FS-Bottom","DO-sensor",2025-01-27 17:00,9.5028,0
"Depth","FS-Bottom","Depth-sensor",2025-01-27 16:00,1.3695,-6.46
"Bottom Salinity","FS-Bottom","Salinity-sensor",2025-01-27 16:00,21.6805,0
"Bottom Temp","FS-Bottom","Temperature-sensor",2025-01-27 16:00,9.5522,0
"Bottom DO","FS-Bottom","DO-sensor",2025-01-27 16:00,10.3163,0
"Depth","FS-Bottom","Depth-sensor",2025-01-27 15:00,1.5241,-6.46
"Bottom Salinity","FS-Bottom","Salinity-sensor",2025-01-27 15:00,23.183,0
"Bottom Temp","FS-Bottom","Temperature-sensor",2025-01-27 15:00,9.5704,0
"Bottom DO","FS-Bottom","DO-sensor",2025-01-27 15:00,10.29,0
"Depth","FS-Bottom","Depth-sensor",2025-01-27 14:00,1.8635,-6.46
"Bottom Salinity","FS-Bottom","Salinity-sensor",2025-01-27 14:00,27.1769,0
"Bottom Temp","FS-Bottom","Temperature-sensor",2025-01-27 14:00,9.9145,0
"Bottom DO","FS-Bottom","DO-sensor",2025-01-27 14:00,9.4788,0
"Depth","FS-Bottom","Depth-sensor",2025-01-27 13:00,2.3367,-6.46
"Bottom Salinity","FS-Bottom","Salinity-sensor",2025-01-27 13:00,32.3947,0
"Bottom Temp","FS-Bottom","Temperature-sensor",2025-01-27 13:00,10.5118,0
"Bottom DO","FS-Bottom","DO-sensor",2025-01-27 13:00,8.506,0
"Depth","FS-Bottom","Depth-sensor",2025-01-27 12:00,2.8394,-6.46
"Bottom Salinity","FS-Bottom","Salinity-sensor",2025-01-27 12:00,33.152,0
"Bottom Temp","FS-Bottom","Temperature-sensor",2025-01-27 12:00,10.5434,0
"Bottom DO","FS-Bottom","DO-sensor",2025-01-27 12:00,8.2132,0
"Depth","FS-Bottom","Depth-sensor",2025-01-27 11:00,3.2475,-6.46
"Bottom Salinity","FS-Bottom","Salinity-sensor",2025-01-27 11:00,33.3737,0
"Bottom Temp","FS-Bottom","Temperature-sensor",2025-01-27 11:00,10.5286,0
"Bottom DO","FS-Bottom","DO-sensor",2025-01-27 11:00,8.2213,0
"Depth","FS-Bottom","Depth-sensor",2025-01-27 10:00,3.573,-6.46
"Bottom Salinity","FS-Bottom","Salinity-sensor",2025-01-27 10:00,33.5912,0
"Bottom Temp","FS-Bottom","Temperature-sensor",2025-01-27 10:00,10.4893,0
"Bottom DO","FS-Bottom","DO-sensor",2025-01-27 10:00,7.8109,0
"Depth","FS-Bottom","Depth-sensor",2025-01-27 09:00,3.727,-6.46
"Bottom Salinity","FS-Bottom","Salinity-sensor",2025-01-27 09:00,33.6345,0
"Bottom Temp","FS-Bottom","Temperature-sensor",2025-01-27 09:00,10.4798,0
"Bottom DO","FS-Bottom","DO-sensor",2025-01-27 09:00,7.6013,0
"Depth","FS-Bottom","Depth-sensor",2025-01-27 08:00,3.7037,-6.46
"Bottom Salinity","FS-Bottom","Salinity-sensor",2025-01-27 08:00,33.5981,0
"Bottom Temp","FS-Bottom","Temperature-sensor",2025-01-27 08:00,10.4542,0
"Bottom DO","FS-Bottom","DO-sensor",2025-01-27 08:00,7.697,0
"Depth","FS-Bottom","Depth-sensor",2025-01-27 07:00,3.5015,-6.46
"Bottom Salinity","FS-Bottom","Salinity-sensor",2025-01-27 07:00,33.4519,0
"Bottom Temp","FS-Bottom","Temperature-sensor",2025-01-27 07:00,10.4665,0
"Bottom DO","FS-Bottom","DO-sensor",2025-01-27 07:00,7.8008,0
"Depth","FS-Bottom","Depth-sensor",2025-01-27 06:00,3.2688,-6.46
"Bottom Salinity","FS-Bottom","Salinity-sensor",2025-01-27 06:00,33.399,0
"Bottom Temp","FS-Bottom","Temperature-sensor",2025-01-27 06:00,10.5595,0
"Bottom DO","FS-Bottom","DO-sensor",2025-01-27 06:00,7.8115,0
"Depth","FS-Bottom","Depth-sensor",2025-01-27 05:00,3.0105,-6.46
"Bottom Salinity","FS-Bottom","Salinity-sensor",2025-01-27 05:00,33.2958,0
"Bottom Temp","FS-Bottom","Temperature-sensor",2025-01-27 05:00,10.582,0
"Bottom DO","FS-Bottom","DO-sensor",2025-01-27 05:00,7.6562,0
"Depth","FS-Bottom","Depth-sensor",2025-01-27 04:00,2.8301,-6.46
"Bottom Salinity","FS-Bottom","Salinity-sensor",2025-01-27 04:00,32.7293,0
"Bottom Temp","FS-Bottom","Temperature-sensor",2025-01-27 04:00,10.4482,0
"Bottom DO","FS-Bottom","DO-sensor",2025-01-27 04:00,8.1651,0
"Depth","FS-Bottom","Depth-sensor",2025-01-27 03:00,2.7348,-6.46
"Bottom Salinity","FS-Bottom","Salinity-sensor",2025-01-27 03:00,32.5482,0
"Bottom Temp","FS-Bottom","Temperature-sensor",2025-01-27 03:00,10.413,0
"Bottom DO","FS-Bottom","DO-sensor",2025-01-27 03:00,8.3127,0
"Depth","FS-Bottom","Depth-sensor",2025-01-27 02:00,2.7531,-6.46
"Bottom Salinity","FS-Bottom","Salinity-sensor",2025-01-27 02:00,32.6187,0
"Bottom Temp","FS-Bottom","Temperature-sensor",2025-01-27 02:00,10.4139,0
"Bottom DO","FS-Bottom","DO-sensor",2025-01-27 02:00,8.3178,0
"Depth","FS-Bottom","Depth-sensor",2025-01-27 01:00,2.8641,-6.46
"Bottom Salinity","FS-Bottom","Salinity-sensor",2025-01-27 01:00,32.9597,0
"Bottom Temp","FS-Bottom","Temperature-sensor",2025-01-27 01:00,10.4258,0
"Bottom DO","FS-Bottom","DO-sensor",2025-01-27 01:00,8.4204,0
"Depth","FS-Bottom","Depth-sensor",2025-01-27 00:00,2.936,-6.46
"Bottom Salinity","FS-Bottom","Salinity-sensor",2025-01-27 00:00,32.9822,0
"Bottom Temp","FS-Bottom","Temperature-sensor",2025-01-27 00:00,10.4139,0
"Bottom DO","FS-Bottom","DO-sensor",2025-01-27 00:00,8.4169,0
"Depth","FS-Bottom","Depth-sensor",2025-01-26 23:00,3.013,-6.46
"Bottom Salinity","FS-Bottom","Salinity-sensor",2025-01-26 23:00,33.1676,0
"Bottom Temp","FS-Bottom","Temperature-sensor",2025-01-26 23:00,10.4284,0
"Bottom DO","FS-Bottom","DO-sensor",2025-01-26 23:00,8.345,0
"Depth","FS-Bottom","Depth-sensor",2025-01-26 22:00,3.007,-6.46
"Bottom Salinity","FS-Bottom","Salinity-sensor",2025-01-26 22:00,32.9539,0
"Bottom Temp","FS-Bottom","Temperature-sensor",2025-01-26 22:00,10.3943,0
"Bottom DO","FS-Bottom","DO-sensor",2025-01-26 22:00,8.5249,0
"Depth","FS-Bottom","Depth-sensor",2025-01-26 21:00,2.8668,-6.46
"Bottom Salinity","FS-Bottom","Salinity-sensor",2025-01-26 21:00,32.9003,0
"Bottom Temp","FS-Bottom","Temperature-sensor",2025-01-26 21:00,10.3824,0
"Bottom DO","FS-Bottom","DO-sensor",2025-01-26 21:00,8.7016,0
"Depth","FS-Bottom","Depth-sensor",2025-01-26 20:00,2.6102,-6.46
"Bottom Salinity","FS-Bottom","Salinity-sensor",2025-01-26 20:00,32.7133,0
"Bottom Temp","FS-Bottom","Temperature-sensor",2025-01-26 20:00,10.3879,0
"Bottom DO","FS-Bottom","DO-sensor",2025-01-26 20:00,8.7834,0
"Depth","FS-Bottom","Depth-sensor",2025-01-26 19:00,2.2604,-6.46
"Bottom Salinity","FS-Bottom","Salinity-sensor",2025-01-26 19:00,32.2657,0
"Bottom Temp","FS-Bottom","Temperature-sensor",2025-01-26 19:00,10.4096,0
"Bottom DO","FS-Bottom","DO-sensor",2025-01-26 19:00,8.903,0
"Depth","FS-Bottom","Depth-sensor",2025-01-26 18:00,1.9359,-6.46
"Bottom Salinity","FS-Bottom","Salinity-sensor",2025-01-26 18:00,31.7845,0
"Bottom Temp","FS-Bottom","Temperature-sensor",2025-01-26 18:00,10.4628,0
"Bottom DO","FS-Bottom","DO-sensor",2025-01-26 18:00,8.579,0